Cation 1,Cation 1 mol%,Cation 2,Cation 2 mol%,Cation 3,Cation 3 mol%,Cation 4,Cation 4 mol%,Cation 5,Cation 5 mol%,Cation 6,Cation 6 mol%,Anion 1,Anion 1 mol%,Anion 2,Anion 2 mol%,Support 1,Support 1 mol%,Support 2,Support 2 mol%,Support 3,Support 3 mol%,Preparation,Temperature,p(CH4),p(O2),p(CH4)/p(O2),p total,Contact time,X(O2),X(CH4),S(COx),S(C2=),S(C2-),S(C2),Y(C2)
W,0.5,Na,33.2,Mn,66.3,,,,,,,,,,,,,,,,,n.a.,1089,0.67,0.33,2,1,3,100,41,,32,12,44,18
W,2.3,Na,19.5,Mn,58.7,,,,,,,Cl,19.5,,,,,,,,,Impregnation,1073,0.67,0.33,2,1,3,99,40.7,,31.2,12.3,43.5,17.7
Na,8.9,W,4.5,Mn,3.5,,,,,,,,,,,Si,83.1,,,,,Therm.decomp.,973,0.4,0.1,4,1,1.33,100,40,,48,,63,25.2
Na,2.1,W,1.05,Mn,2.25,,,,,,,,,,,Si,94.6,,,,,Solid-phase technique,1092,0.68,0.32,2.1,1,0.15,89,37,52,35,13,48,17.8
Na,2.1,W,1.05,Mn,2.25,,,,,,,,,,,Si,94.6,,,,,Solid-phase technique,1124,0.69,0.31,2.2,1,0.15,96,40,55,28,17,45,18
Na,2.1,W,1.05,Mn,2.25,,,,,,,,,,,Si,94.6,,,,,Solid-phase technique,1175,0.67,0.33,2,1,0.15,97,45,47,36,17,53,23.9
Na,2.1,W,1.05,Mn,2.25,,,,,,,,,,,Si,94.6,,,,,Solid-phase technique,1123,0.73,0.27,2.7,1,0.15,95,34,50,36,14,50,17
Na,2.1,W,1.05,Mn,2.25,,,,,,,,,,,Si,94.6,,,,,Solid-phase technique,1151,0.73,0.27,2.7,1,0.15,96,39,50,34,16,50,19.5
Na,2.1,W,1.05,Mn,2.25,,,,,,,,,,,Si,94.6,,,,,Solid-phase technique,1172,0.75,0.25,3,1,0.15,96,44,48,36,16,52,22.9
Na,2.1,W,1.05,Mn,2.25,,,,,,,,,,,Si,94.6,,,,,Solid-phase technique,1182,0.75,0.25,3,1,0.15,97,44,46,38,16,54,23.8
Na,2.1,W,1.05,Mn,2.25,,,,,,,,,,,Si,94.6,,,,,Solid-phase technique,1181,0.73,0.27,2.7,1,0.15,98,38,53,32,35,65,24.7
Na,13.8,W,0.7,Mn,1.5,Zr,2.2,,,,,S,3.6,P,0.7,Si,77.5,,,,,Sol-gel,1023,0.75,0.25,3,1,0.75,,43.8,,,,53.6,23.5
Na,13.8,W,0.7,Mn,1.5,Zr,2.2,,,,,S,3.6,,,Si,78.2,,,,,Sol-gel,1023,0.75,0.25,3,1,0.75,,38,,,,47.4,18
Na,13.8,W,0.7,Mn,1.5,Zr,2.2,,,,,P,0.7,,,Si,81.1,,,,,Sol-gel,1023,0.75,0.25,3,1,0.75,,34,,,,47.1,16
Na,13.8,W,0.7,Mn,1.5,Zr,2.2,,,,,,,,,Si,81.8,,,,,Sol-gel,1023,0.75,0.25,3,1,0.75,,15,,,,66.7,10
Na,13.72,W,0.73,Mn,1.51,Zr,2.31,,,,,S,3.45,P,0.71,Si,77.57,,,,,Sol-gel,1023,0.6,0.2,3,1,0.23,,13.6,79.1,20.9,25.6,46.5,6.3
Na,8.9,W,4.5,Mn,3.5,,,,,,,,,,,Si,83.1,,,,,Sol-gel,1093,0.8,0.2,4,1,0.12,65.6,22.4,,36.3,,69.4,15.5
Na,2.08,W,1.04,Mn,2.23,,,,,,,,,,,Si,94.65,,,,,Sol-gel,1121,0.69,0.31,2.2,1,0.02,84,30,47,33,17,53,16
Na,2.08,W,1.04,Mn,2.23,,,,,,,,,,,Si,94.65,,,,,Sol-gel,1152,0.69,0.31,2.2,1,0.02,93,35,43,37,15,57,20
Na,2.08,W,1.04,Mn,2.23,,,,,,,,,,,Si,94.65,,,,,Sol-gel,1185,0.71,0.29,2.4,1,0.02,97,36,41,40,13,60,22
Na,2.08,W,1.04,Mn,2.23,,,,,,,,,,,Si,94.65,,,,,Sol-gel,1004,0.66,0.34,1.9,1,0.04,12,4,36,7,43,64,2.6
Na,2.08,W,1.04,Mn,2.23,,,,,,,,,,,Si,94.65,,,,,Sol-gel,1056,0.64,0.36,1.8,1,0.04,33,16,35,28,34,65,10.4
Na,2.08,W,1.04,Mn,2.23,,,,,,,,,,,Si,94.65,,,,,Sol-gel,1153,0.66,0.34,1.9,1,0.04,99,46,52,33,10,48,22.1
Na,2.08,W,1.04,Mn,2.23,,,,,,,,,,,Si,94.65,,,,,Sol-gel,1175,0.64,0.36,1.8,1,0.05,99,46,54,32,9,46,21.2
Na,2.08,W,1.04,Mn,2.23,,,,,,,,,,,Si,94.65,,,,,Sol-gel,1121,0.69,0.31,2.2,1,0.05,84,30,47,33,17,53,15.9
Na,2.08,W,1.04,Mn,2.23,,,,,,,,,,,Si,94.65,,,,,Sol-gel,1152,0.69,0.31,2.2,1,0.05,93,35,43,37,15,57,20
Na,2.08,W,1.04,Mn,2.23,,,,,,,,,,,Si,94.65,,,,,Sol-gel,1185,0.71,0.29,2.4,1,0.05,97,36,41,40,13,60,21.6
Na,2.07,W,0.26,Mn,3.29,,,,,,,,,,,Si,94.38,,,,,Sol-gel,1133,0.5,0.11,4.8,1,,,,,,,70.8,
Na,13.72,W,0.73,Mn,1.51,Zr,2.31,,,,,S,3.45,P,0.71,Si,77.57,,,,,Slurry,1023,0.6,0.2,3,1,0.23,,46.3,56.2,43.8,7.2,51.1,23.6
Na,13.72,W,0.73,Mn,1.51,Zr,2.31,,,,,S,3.45,P,0.71,Si,77.57,,,,,Slurry,1023,0.6,0.2,3,1,0.23,,44.7,51.9,48.1,8.2,56.3,25.2
Na,13.72,W,0.73,Mn,1.51,Zr,2.31,,,,,S,3.45,P,0.71,Si,77.57,,,,,Slurry,1023,0.6,0.2,3,1,0.23,,44.4,52.5,47.5,8.4,56,24.8
Na,13.72,W,0.73,Mn,1.51,Zr,2.31,,,,,S,3.45,P,0.71,Si,77.57,,,,,Slurry,1023,0.6,0.2,3,1,0.23,,29.5,65.1,34.9,15.8,50.7,14.9
Na,13.72,W,0.73,Mn,1.51,Zr,2.31,,,,,S,3.45,P,0.71,Si,77.57,,,,,Slurry,1023,0.6,0.2,3,1,0.23,,44,54.7,45.3,7.2,52.5,23.1
Na,2.08,W,1.04,Mn,2.23,,,,,,,,,,,Si,94.65,,,,,Slurry,1083,0.83,0.17,4.9,1,0.04,,18,,44.6,23.4,68,12.2
Na,19.25,Mn,1.61,W,1.02,,,,,,,Cl,17.21,,,Si,60.91,,,,,Physical mixing,1023,0.06,0.04,1.6,1,0.02,80.7,55,37.1,56.8,4.4,61.2,33.7
Na,14.31,Mn,1.2,W,0.75,K,17.48,,,,,Cl,30.28,,,Si,35.98,,,,,Physical mixing,1023,0.06,0.04,1.6,1,0,60,45.1,,60.4,7.4,67.8,30.6
Na,1.51,Mn,2.46,W,0.75,,,,,,,,,,,Si,95.29,,,,,Physical mixing,1023,0.06,0.04,1.6,1,0,8.2,8.2,36.6,20.4,43,63.4,5.2
Na,1.51,Mn,1.61,W,0.75,Cs,21.18,,,,,Cl,17.21,,,Si,57.74,,,,,Physical mixing,1023,0.06,0.04,1.6,1,0,37.3,30.1,25.1,58.1,13.9,72,21.7
Na,1.51,Mn,1.61,W,0.75,Li,21.18,,,,,Cl,17.21,,,Si,57.74,,,,,Physical mixing,1023,0.06,0.04,1.6,1,0,14.1,14.1,19.8,45.3,33.7,79,11.1
Na,1.12,Mn,1.61,W,0.56,K,21.18,,,,,Cl,17.21,,,Si,58.32,,,,,Physical mixing,1023,0.06,0.04,1.6,1,0,45.5,35.9,24.7,61.2,11.2,72.4,26
Na,86.89,W,0,Mn,2.5,Zr,0,,,,,S,4.67,P,5.95,,,,,,,Impregnation,1069,0.25,0.75,0.3,1,0.19,,15.9,,,,53,8.4
Na,86.3,W,1.8,Mn,2.38,Zr,0,,,,,S,3.81,P,5.71,,,,,,,Impregnation,1069,0.25,0.75,0.3,1,0.18,,12,,,,68.1,8.2
Na,82.71,W,1.27,Mn,2.25,Zr,0,,,,,S,8.42,P,5.36,,,,,,,Impregnation,1069,0.25,0.75,0.3,1,0.18,,15.4,,,,53,8.1
Na,81.28,W,1.08,Mn,3.84,Zr,7.91,,,,,S,3.59,P,2.29,,,,,,,Impregnation,1069,0.25,0.75,0.3,1,0.17,,21.7,,,,36.4,7.9
Na,78.64,W,1.15,Mn,0,Zr,0,,,,,S,15.32,P,4.88,,,,,,,Impregnation,1069,0.25,0.75,0.3,1,0.19,,22.6,,,,32.9,7.4
Na,76.43,W,1,Mn,0.89,Zr,0,,,,,S,13.25,P,8.44,,,,,,,Impregnation,1069,0.25,0.75,0.3,1,0.19,,12.4,,,,62.5,7.8
Na,75.76,W,0.51,Mn,2.72,Zr,7.46,,,,,S,13.55,P,0,,,,,,,Impregnation,1069,0.25,0.75,0.3,1,0.18,,16.3,,,,45.7,7.5
Na,75.64,W,1.41,Mn,0.83,Zr,5.75,,,,,S,13.6,P,2.77,,,,,,,Impregnation,1069,0.25,0.75,0.3,1,0.18,,18.6,,,,67.3,12.5
Na,74.79,W,1.48,Mn,0,Zr,10.8,,,,,S,9.81,P,3.12,,,,,,,Impregnation,1069,0.25,0.75,0.3,1,0.18,,10.8,,,,69.2,7.5
Na,71.74,W,2.35,Mn,2.08,Zr,8.59,,,,,S,7.8,P,7.45,,,,,,,Impregnation,1069,0.25,0.75,0.3,1,0.17,,17,,,,49.7,8.4
Na,69.71,W,1.78,Mn,2.37,Zr,0,,,,,S,12.95,P,13.19,,,,,,,Impregnation,1069,0.25,0.75,0.3,1,0.18,,15.4,,,,77.7,12
Na,69.71,W,1.78,Mn,2.37,Zr,0,,,,,S,12.95,P,13.19,,,,,,,Impregnation,1069,0.25,0.75,0.3,1,0.18,,15.4,,,,77.7,12
Na,69.7,W,0.31,Mn,1.09,Zr,13.49,,,,,S,10.21,P,5.2,,,,,,,Impregnation,1069,0.25,0.75,0.3,1,0.18,,12.8,,,,60.9,7.8
Na,69.67,W,1.31,Mn,3.1,Zr,12.76,,,,,S,5.79,P,7.37,,,,,,,Impregnation,1069,0.25,0.75,0.3,1,0.17,,16.3,,,,47.5,7.8
Na,67.25,W,0,Mn,0.79,Zr,26.05,,,,,S,5.91,P,0,,,,,,,Impregnation,1069,0.25,0.75,0.3,1,0.16,,16.1,,,,51.8,8.4
Na,66.97,W,1.79,Mn,0.79,Zr,19.64,,,,,S,8.91,P,1.89,,,,,,,Impregnation,1069,0.25,0.75,0.3,1,0.17,,14.8,,,,53.1,7.9
Na,66.36,W,1.65,Mn,0.98,Zr,8.06,,,,,S,18.29,P,4.66,,,,,,,Impregnation,1069,0.25,0.75,0.3,1,0.18,,12.5,,,,64.2,8
Na,65.57,W,0,Mn,2.55,Zr,13.99,,,,,S,15.87,P,2.02,,,,,,,Impregnation,1069,0.25,0.75,0.3,1,0.18,,14.1,,,,58.6,8.2
Na,64,W,0.68,Mn,0,Zr,19.8,,,,,S,11.23,P,4.29,,,,,,,Impregnation,1069,0.25,0.75,0.3,1,0.17,,8.8,,,,81.8,7.2
Na,62.68,W,3.37,Mn,5.98,Zr,0,,,,,S,27.97,P,0,,,,,,,Impregnation,1069,0.25,0.75,0.3,1,0.18,,16.5,,,,65.9,10.9
Na,60.37,W,2.22,Mn,0,Zr,32.49,,,,,S,4.92,P,0,,,,,,,Impregnation,1069,0.25,0.75,0.3,1,0.15,,13.1,,,,59.5,7.8
Na,58.87,W,0,Mn,0,Zr,11.69,,,,,S,15.92,P,13.52,,,,,,,Impregnation,1069,0.25,0.75,0.3,1,0.18,,14.3,,,,57.1,8.2
Na,57.8,W,1.54,Mn,2.74,Zr,22.56,,,,,S,15.36,P,0,,,,,,,Impregnation,1069,0.25,0.75,0.3,1,0.16,,12.9,,,,60.5,7.8
Na,56.02,W,0.46,Mn,3.29,Zr,27.09,,,,,S,9.22,P,3.91,,,,,,,Impregnation,1069,0.25,0.75,0.3,1,0.16,,14.6,,,,57.6,8.4
Na,54.85,W,0,Mn,3.55,Zr,21.96,,,,,S,13.29,P,6.35,,,,,,,Impregnation,1069,0.25,0.75,0.3,1,0.17,,11.8,,,,71,8.4
Na,52,W,6.79,Mn,6.57,Zr,20.22,,,,,S,10.76,P,3.65,,,,,,,Impregnation,1069,0.25,0.75,0.3,1,0.15,,22.1,,,,77.6,17.2
Na,49.2,W,0.56,Mn,3.07,Zr,33.71,,,,,S,3.71,P,9.75,,,,,,,Impregnation,1069,0.25,0.75,0.3,1,0.15,,23.9,,,,78.8,18.8
Na,49.2,W,0.56,Mn,3.07,Zr,33.71,,,,,S,3.71,P,9.75,,,,,,,Impregnation,1069,0.25,0.75,0.3,1,0.15,,13.3,,,,56,7.4
Na,48.55,W,2.25,Mn,3,Zr,32.94,,,,,S,3.74,P,9.52,,,,,,,Impregnation,1069,0.25,0.75,0.3,1,0.15,,21.6,,,,63.2,13.7
Na,44.18,W,1.09,Mn,1.93,Zr,31.8,,,,,S,7.22,P,13.79,,,,,,,Impregnation,1069,0.25,0.75,0.3,1,0.15,,21.5,,,,58.1,12.5
Na,41.35,W,1.84,Mn,2.17,Zr,35.81,,,,,S,16.25,P,2.59,,,,,,,Impregnation,1069,0.25,0.75,0.3,1,0.15,,20.3,,,,64,13
Na,39.42,W,1.66,Mn,4.42,Zr,36.45,,,,,S,11.03,P,7.02,,,,,,,Impregnation,1069,0.25,0.75,0.3,1,0.15,,24,,,,61.9,14.9
Na,39.42,W,1.66,Mn,4.42,Zr,36.45,,,,,S,11.03,P,7.02,,,,,,,Impregnation,1080,0.25,0.75,0.3,1,0.15,,16.9,,,,74.1,12.6
Na,39.42,W,1.66,Mn,4.42,Zr,36.45,,,,,S,11.03,P,7.02,,,,,,,Impregnation,1095,0.25,0.75,0.3,1,0.15,,22.3,,,,61,13.6
Na,39.42,W,1.66,Mn,4.42,Zr,36.45,,,,,S,11.03,P,7.02,,,,,,,Impregnation,1105,0.25,0.75,0.3,1,0.15,,25.2,,,,57.6,14.6
Na,39.42,W,1.66,Mn,4.42,Zr,36.45,,,,,S,11.03,P,7.02,,,,,,,Impregnation,1115,0.25,0.75,0.3,1,0.15,,23.1,,,,54.2,12.5
Na,39.42,W,1.66,Mn,4.42,Zr,36.45,,,,,S,11.03,P,7.02,,,,,,,Impregnation,1130,0.25,0.75,0.3,1,0.15,,21.3,,,,50.8,10.8
Na,35.81,W,2.84,Mn,9.07,Zr,37.22,,,,,S,3.3,P,11.76,,,,,,,Impregnation,1069,0.25,0.75,0.3,1,0.14,,25.7,,,,72.1,18.5
Na,13.72,W,0.73,Mn,1.51,Zr,2.31,,,,,S,3.45,P,0.71,Si,77.57,,,,,Impregnation,1023,0.6,0.2,3,1,0.23,,31,69.3,30.7,20.9,51.6,16
Na,8.9,W,4.5,Mn,3.5,,,,,,,,,,,Si,83.1,,,,,Impregnation,1023,0.89,0.11,8.1,1,0.04,,15.1,,,,71.8,10.8
Na,8.9,W,4.5,Mn,3.5,,,,,,,,,,,Si,83.1,,,,,Impregnation,1073,0.76,0.24,3.2,1,0.14,,29.5,33.6,42.6,23.8,66.4,19.6
Na,8.9,W,4.5,Mn,3.5,,,,,,,,,,,Si,83.1,,,,,Impregnation,1073,0.42,0.17,2.5,1,0.11,,35.5,46,41,,54,19.2
Na,8.9,W,4.5,Mn,3.5,,,,,,,,,,,Si,83.1,,,,,Impregnation,1093,0.8,0.2,4,1,0.12,96.3,30.3,,42,,68.4,20.7
Na,8.9,W,4.5,Mn,3.5,,,,,,,,,,,Si,83.1,,,,,Impregnation,973,0.67,0.33,2,1,0.22,100,41,,,,42.8,17.5
Na,8.9,W,4.5,Mn,3.5,,,,,,,,,,,Si,83.1,,,,,Impregnation,1073,0.67,0.33,2,1,0.27,98.8,43.9,50.3,,,47.1,20.7
Na,6.16,W,3.08,Mn,24.7,,,,,,,,,,,Si,66.06,,,,,Impregnation,973,0.75,0.25,3,1,0.07,,7.2,51.7,24.5,19.8,48.3,3.5
Na,5.67,W,2.84,Mn,22.74,,,,,,,,,,,Si,68.76,,,,,Impregnation,973,0.75,0.25,3,1,0.07,,7.7,53.9,22.2,18.7,46.1,3.5
Na,5.36,W,2.68,Mn,2,,,,,,,,,,,La,89.96,,,,,Impregnation,1023,0.4,0.1,4,1,0.01,93,18,66,,,34,6.1
Na,5.18,W,2.59,Mn,20.77,,,,,,,,,,,Si,71.46,,,,,Impregnation,973,0.75,0.25,3,1,0.07,,11.4,58.4,23.7,14,41.6,4.8
Na,4.68,W,2.34,Mn,18.79,,,,,,,,,,,Si,74.18,,,,,Impregnation,973,0.75,0.25,3,1,0.07,,12.4,59.2,23.5,13.7,40.8,5
Na,4.18,W,2.09,Mn,16.78,,,,,,,,,,,Si,76.94,,,,,Impregnation,973,0.75,0.25,3,1,0.07,,18.8,64,24.3,8.6,36,6.8
Na,4.16,W,2.08,Mn,1.55,,,,,,,,,,,Zr,92.21,,,,,Impregnation,1023,0.4,0.1,4,1,0.01,67,10,79,,,21,2.1
Na,3.68,W,1.84,Mn,14.75,,,,,,,,,,,Si,79.73,,,,,Impregnation,973,0.75,0.25,3,1,0.07,,21.4,61.8,27.7,7.9,38.2,8.2
Na,3.62,W,0.68,Mn,1.62,,,,,,,,,,,Si,94.07,,,,,Impregnation,873,0.34,0.06,6,0.4,0.23,2.4,0.2,100,,,0,0
Na,3.62,W,0.68,Mn,1.62,,,,,,,,,,,Si,94.07,,,,,Impregnation,923,0.34,0.06,6,0.4,0.23,6.3,0.6,100,,,0,0
Na,3.62,W,0.68,Mn,1.62,,,,,,,,,,,Si,94.07,,,,,Impregnation,948,0.34,0.06,6,0.4,0.23,21,3.4,44.3,,,55.7,1.9
Na,3.62,W,0.68,Mn,1.62,,,,,,,,,,,Si,94.07,,,,,Impregnation,973,0.34,0.06,6,0.4,0.23,97.7,22.1,24.6,,,75.4,16.7
Na,3.62,W,0.68,Mn,1.62,,,,,,,,,,,Si,94.07,,,,,Impregnation,873,0.34,0.06,6,0.4,0.25,2.8,0.1,100,,,0,0
Na,3.62,W,0.68,Mn,1.62,,,,,,,,,,,Si,94.07,,,,,Impregnation,923,0.34,0.06,6,0.4,0.25,10.6,1.1,89.1,,,10.9,0.1
Na,3.62,W,0.68,Mn,1.62,,,,,,,,,,,Si,94.07,,,,,Impregnation,948,0.34,0.06,6,0.4,0.25,24.6,3.9,47.8,,,52.2,2.1
Na,3.62,W,0.68,Mn,1.62,,,,,,,,,,,Si,94.07,,,,,Impregnation,973,0.34,0.06,6,0.4,0.25,93.4,20.2,28.4,,,71.6,14.5
Na,3.62,W,0.68,Mn,1.62,,,,,,,,,,,Si,94.07,,,,,Impregnation,983,0.34,0.06,6,0.4,0.25,96.9,21.5,27,,,73,15.7
Na,3.62,W,0.68,Mn,1.62,,,,,,,,,,,Si,94.07,,,,,Impregnation,988,0.34,0.06,6,0.4,0.25,97.8,22.1,25.5,,,74.5,16.4
Na,3.62,W,0.68,Mn,1.62,,,,,,,,,,,Si,94.07,,,,,Impregnation,873,0.34,0.06,6,0.4,0.28,3.2,0.3,100,,,0,0
Na,3.62,W,0.68,Mn,1.62,,,,,,,,,,,Si,94.07,,,,,Impregnation,923,0.34,0.06,6,0.4,0.28,10.8,1,100,,,0,0
Na,3.62,W,0.68,Mn,1.62,,,,,,,,,,,Si,94.07,,,,,Impregnation,948,0.34,0.06,6,0.4,0.28,21.2,3.4,47.5,,,52.5,1.8
Na,3.62,W,0.68,Mn,1.62,,,,,,,,,,,Si,94.07,,,,,Impregnation,973,0.34,0.06,6,0.4,0.28,40,7.6,36.3,,,63.7,4.9
Na,3.62,W,0.68,Mn,1.62,,,,,,,,,,,Si,94.07,,,,,Impregnation,983,0.34,0.06,6,0.4,0.28,95.5,21.1,27.2,,,72.8,15.3
Na,3.62,W,0.68,Mn,1.62,,,,,,,,,,,Si,94.07,,,,,Impregnation,998,0.34,0.06,6,0.4,0.28,98,22,26,,,74,16.3
Na,3.62,W,0.68,Mn,1.62,,,,,,,,,,,Si,94.07,,,,,Impregnation,873,0.23,0.75,3,0.3,0.23,1.1,0.2,100,,,0,0
Na,3.62,W,0.68,Mn,1.62,,,,,,,,,,,Si,94.07,,,,,Impregnation,923,0.23,0.75,3,0.3,0.23,3.2,0.4,100,,,0,0
Na,3.62,W,0.68,Mn,1.62,,,,,,,,,,,Si,94.07,,,,,Impregnation,948,0.23,0.75,3,0.3,0.23,8.3,1.7,81.5,,,18.5,0.3
Na,3.62,W,0.68,Mn,1.62,,,,,,,,,,,Si,94.07,,,,,Impregnation,973,0.23,0.75,3,0.3,0.23,99.6,36.2,34.9,,,65.1,23.6
Na,3.62,W,0.68,Mn,1.62,,,,,,,,,,,Si,94.07,,,,,Impregnation,873,0.2,0.07,3,0.3,0.23,0.4,0.1,100,,,0,0
Na,3.62,W,0.68,Mn,1.62,,,,,,,,,,,Si,94.07,,,,,Impregnation,923,0.2,0.07,3,0.3,0.23,3.7,0.6,100,,,0,0
Na,3.62,W,0.68,Mn,1.62,,,,,,,,,,,Si,94.07,,,,,Impregnation,948,0.2,0.07,3,0.3,0.23,9.9,2.2,74,,,26,0.6
Na,3.62,W,0.68,Mn,1.62,,,,,,,,,,,Si,94.07,,,,,Impregnation,973,0.2,0.07,3,0.3,0.23,100,36.6,34.8,,,65.2,23.9
Na,3.62,W,0.68,Mn,1.62,,,,,,,,,,,Si,94.07,,,,,Impregnation,873,0.18,0.06,3,0.3,0.23,1.1,0.2,100,,,0,0
Na,3.62,W,0.68,Mn,1.62,,,,,,,,,,,Si,94.07,,,,,Impregnation,923,0.18,0.06,3,0.3,0.23,3,0.5,100,,,0,0
Na,3.62,W,0.68,Mn,1.62,,,,,,,,,,,Si,94.07,,,,,Impregnation,948,0.18,0.06,3,0.3,0.23,9.3,3,45.3,,,54.7,1.6
Na,3.62,W,0.68,Mn,1.62,,,,,,,,,,,Si,94.07,,,,,Impregnation,973,0.18,0.06,3,0.3,0.23,14.9,5.4,36.8,,,63.2,3.4
Na,3.62,W,0.68,Mn,1.62,,,,,,,,,,,Si,94.07,,,,,Impregnation,1003,0.18,0.06,3,0.3,0.23,99.1,37,34.3,,,65.7,24.3
Na,3.62,W,0.68,Mn,1.62,,,,,,,,,,,Si,94.07,,,,,Impregnation,1008,0.18,0.06,3,0.3,0.23,99.9,37.2,33.6,,,66.4,24.7
Na,3.62,W,0.68,Mn,1.62,,,,,,,,,,,Si,94.07,,,,,Impregnation,873,0.15,0.05,3,0.2,0.28,0,0,0,,,100,0
Na,3.62,W,0.68,Mn,1.62,,,,,,,,,,,Si,94.07,,,,,Impregnation,923,0.15,0.05,3,0.2,0.28,1.2,0.2,100,,,0,0
Na,3.62,W,0.68,Mn,1.62,,,,,,,,,,,Si,94.07,,,,,Impregnation,973,0.15,0.05,3,0.2,0.28,6.8,1.8,65.2,,,34.8,0.6
Na,3.62,W,0.68,Mn,1.62,,,,,,,,,,,Si,94.07,,,,,Impregnation,1008,0.15,0.05,3,0.2,0.28,99.5,37,36,,,64,23.7
Na,3.62,W,0.68,Mn,1.62,,,,,,,,,,,Si,94.07,,,,,Impregnation,873,0.16,0.04,4,0.2,0.28,0.4,0.1,100,,,0,0
Na,3.62,W,0.68,Mn,1.62,,,,,,,,,,,Si,94.07,,,,,Impregnation,923,0.16,0.04,4,0.2,0.28,1.5,0.2,100,,,0,0
Na,3.62,W,0.68,Mn,1.62,,,,,,,,,,,Si,94.07,,,,,Impregnation,973,0.16,0.04,4,0.2,0.28,12.1,3.6,56.9,,,43.1,1.5
Na,3.62,W,0.68,Mn,1.62,,,,,,,,,,,Si,94.07,,,,,Impregnation,1008,0.16,0.04,4,0.2,0.28,25.5,8.5,29.7,,,70.3,6
Na,3.62,W,0.68,Mn,1.62,,,,,,,,,,,Si,94.07,,,,,Impregnation,1023,0.16,0.04,4,0.2,0.28,99.4,31.8,27.6,,,72.4,23
Na,3.62,W,0.68,Mn,1.62,,,,,,,,,,,Si,94.07,,,,,Impregnation,873,0.17,0.03,6,0.2,0.28,1.3,0.1,100,,,0,0
Na,3.62,W,0.68,Mn,1.62,,,,,,,,,,,Si,94.07,,,,,Impregnation,923,0.17,0.03,6,0.2,0.28,2.7,0.2,100,,,0,0
Na,3.62,W,0.68,Mn,1.62,,,,,,,,,,,Si,94.07,,,,,Impregnation,973,0.17,0.03,6,0.2,0.28,7.8,1.2,56.7,,,43.3,0.5
Na,3.62,W,0.68,Mn,1.62,,,,,,,,,,,Si,94.07,,,,,Impregnation,1008,0.17,0.03,6,0.2,0.28,24.9,6.1,26.4,,,73.6,4.5
Na,3.62,W,0.68,Mn,1.62,,,,,,,,,,,Si,94.07,,,,,Impregnation,1023,0.17,0.03,6,0.2,0.28,37.7,9.3,23.6,,,76.4,7.1
Na,3.62,W,0.68,Mn,1.62,,,,,,,,,,,Si,94.07,,,,,Impregnation,1048,0.17,0.03,6,0.2,0.28,98.4,26,18.4,,,81.6,21.2
Na,3.62,W,0.68,Mn,1.62,,,,,,,,,,,Si,94.07,,,,,Impregnation,1123,0.6,0.2,3,1,0.9,,37,43,,,57,21.1
Na,3.62,W,0.68,Mn,1.62,,,,,,,,,,,Si,94.07,,,,,Impregnation,1123,0.64,0.16,4,1,0.9,,30,38,,,62,18.6
Na,3.62,W,0.68,Mn,1.62,,,,,,,,,,,Si,94.07,,,,,Impregnation,1123,0.67,0.13,5,1,0.9,,25,35,,,65,16.3
Na,3.62,W,0.68,Mn,1.62,,,,,,,,,,,Si,94.07,,,,,Impregnation,1123,0.69,0.11,6,1,0.9,,22,33,,,67,14.7
Na,3.62,W,0.68,Mn,1.62,,,,,,,,,,,Si,94.07,,,,,Impregnation,1048,0.64,0.16,4,1,0.9,,20.5,54,,,46,9.4
Na,3.62,W,0.68,Mn,1.62,,,,,,,,,,,Si,94.07,,,,,Impregnation,1073,0.64,0.16,4,1,0.9,,24,46,,,54,13
Na,3.62,W,0.68,Mn,1.62,,,,,,,,,,,Si,94.07,,,,,Impregnation,1098,0.64,0.16,4,1,0.9,,27.5,42,,,58,16
Na,3.54,W,1.77,Mn,1.32,,,,,,,,,,,Sr,93.37,,,,,Impregnation,1023,0.4,0.1,4,1,0.01,30,5,76,,,24,1.2
Na,3.17,W,1.58,Mn,12.71,,,,,,,,,,,Si,82.54,,,,,Impregnation,973,0.75,0.25,3,1,0.07,,23.2,58.9,31.8,7.2,41.1,9.5
Na,2.77,W,1.39,Mn,1.03,,,,,,,,,,,Fe,94.81,,,,,Impregnation,1023,0.4,0.1,4,1,0.01,11,2,27.5,,,72.5,1.5
Na,2.77,W,1.39,Mn,1.03,,,,,,,,,,,Ti,94.81,,,,,Impregnation,1023,0.4,0.1,4,1,0.01,12,4,21,,,79,3.2
Na,2.77,W,1.39,Mn,1.03,,,,,,,,,,,Ti,94.81,,,,,Impregnation,1023,0.4,0.1,4,1,0.01,8,2.5,36,,,64,1.6
Na,2.68,W,1.34,Mn,1,,,,,,,,,,,Fe,94.98,,,,,Impregnation,1023,0.4,0.1,4,1,0.01,8,2,37,,,63,1.3
Na,2.65,W,1.33,Mn,10.64,,,,,,,,,,,Si,85.38,,,,,Impregnation,973,0.75,0.25,3,1,0.07,,27.8,56.7,31.9,7.3,43.3,12.1
Na,2.62,W,0.98,Mn,2.19,,,,,,,,,,,Si,94.21,,,,,Impregnation,1021,0.24,0.06,4,1.2,0.95,9.6,1.8,46.3,3.8,47.9,51.7,1
Na,2.62,W,0.98,Mn,2.19,,,,,,,,,,,Si,94.21,,,,,Impregnation,1031,0.24,0.06,4,1.2,0.95,11.6,2.6,47.2,5.7,46.3,52,1.4
Na,2.62,W,0.98,Mn,2.19,,,,,,,,,,,Si,94.21,,,,,Impregnation,1041,0.24,0.06,4,1.2,0.95,15.3,3.8,44.6,6.5,46.3,52.7,2
Na,2.62,W,0.98,Mn,2.19,,,,,,,,,,,Si,94.21,,,,,Impregnation,1052,0.24,0.06,4,1.2,0.95,18.7,5,42.6,8.4,46.3,54.7,2.7
Na,2.62,W,0.98,Mn,2.19,,,,,,,,,,,Si,94.21,,,,,Impregnation,1061,0.24,0.06,4,1.2,0.95,23.7,7.4,41,11.3,44.6,55.9,4.1
Na,2.62,W,0.98,Mn,2.19,,,,,,,,,,,Si,94.21,,,,,Impregnation,1071,0.24,0.06,4,1.2,0.95,29.7,9.2,38.6,14.8,44.3,59.1,5.5
Na,2.15,W,1.08,Mn,1.08,,,,,,,,,,,Si,95.7,,,,,Impregnation,1073,0.83,0.17,5,1,0.13,,33,,51.3,19.7,71,23.4
Na,2.15,W,1.08,Mn,1.08,,,,,,,,,,,Si,95.7,,,,,Impregnation,1073,0.5,0.11,4.8,1,0.13,,30,,49.4,17.6,67,20.1
Na,2.13,W,1.07,Mn,8.55,,,,,,,,,,,Si,88.25,,,,,Impregnation,973,0.75,0.25,3,1,0.07,,28.4,60.6,28.3,7.9,39.4,11.2
Na,2.13,W,1.07,Mn,8.55,,,,,,,,,,,Si,88.25,,,,,Impregnation,973,0.38,0.13,3,1,0.21,,15.1,47.2,30.7,18.7,52.8,8
Na,2.13,W,1.07,Mn,8.55,,,,,,,,,,,Si,88.25,,,,,Impregnation,973,0.38,0.13,3,1,0.42,,33.1,45.6,36,13.9,54.4,18
Na,2.13,W,1.07,Mn,8.55,,,,,,,,,,,Si,88.25,,,,,Impregnation,973,0.38,0.13,3,1,0.64,,33.7,45.2,35.1,14.6,54.8,18.5
Na,2.13,W,1.07,Mn,8.55,,,,,,,,,,,Si,88.25,,,,,Impregnation,973,0.38,0.13,3,1,1.06,,32.4,46.9,34.5,13.5,53.1,17.2
Na,2.13,W,1.07,Mn,8.55,,,,,,,,,,,Si,88.25,,,,,Impregnation,973,0.38,0.13,3,1,2.12,,29,49.2,36.2,10.1,50.8,14.7
Na,2.11,W,1.06,Mn,0.79,,,,,,,,,,,Si,96.05,,,,,Impregnation,1023,0.4,0.1,4,1,0.02,37,7,42,,,58,4.1
Na,2.11,W,1.06,Mn,0.79,,,,,,,,,,,Si,96.05,,,,,Impregnation,1023,0.4,0.1,4,1,0.01,8,3,23,,,77,2.3
Na,2.11,W,1.06,Mn,0.79,,,,,,,,,,,Si,96.05,,,,,Impregnation,973,0.4,0.1,19,3,0.01,17.5,,50,,,50,
Na,2.11,W,1.06,Mn,0.79,,,,,,,,,,,Si,96.05,,,,,Impregnation,973,0.4,0.1,19,4,0.01,19,,50,,,50,
Na,2.11,W,1.06,Mn,0.79,,,,,,,,,,,Si,96.05,,,,,Impregnation,973,0.4,0.1,19,5,0.01,22.5,,48,,,52,
Na,2.11,W,1.06,Mn,0.79,,,,,,,,,,,Si,96.05,,,,,Impregnation,973,0.4,0.1,19,6,0.01,26,,48,,,52,
Na,2.11,W,1.06,Mn,0.79,,,,,,,,,,,Si,96.05,,,,,Impregnation,973,0.4,0.1,19,7,0.01,42,,46,,,53.5,
Na,2.11,W,1.06,Mn,0.79,,,,,,,,,,,Si,96.05,,,,,Impregnation,973,0.4,0.1,19,8,0.01,47.5,,46,,,53,
Na,2.11,W,1.06,Mn,0.79,,,,,,,,,,,Si,96.05,,,,,Impregnation,973,0.4,0.1,19,9,0.01,71,,44,,,54,
Na,2.11,W,1.06,Mn,0.79,,,,,,,,,,,Si,96.05,,,,,Impregnation,973,0.4,0.1,19,10,0.01,83,,40,,,55,
Na,2.11,W,1.06,Mn,0.79,,,,,,,,,,,Si,96.05,,,,,Impregnation,1098,0.4,0.1,2.5,1,0.01,,26.5,27.8,,,72.2,19.1
Na,2.11,W,1.06,Mn,0.79,,,,,,,,,,,Si,96.05,,,,,Impregnation,1098,0.4,0.1,2.5,1,0.01,,35.4,41.9,,,58.1,20.6
Na,2.11,W,1.06,Mn,0.79,,,,,,,,,,,Si,96.05,,,,,Impregnation,1098,0.4,0.1,3,1,0.01,,26.8,40.4,,,59.6,16
Na,2.11,W,1.06,Mn,0.79,,,,,,,,,,,Si,96.05,,,,,Impregnation,1023,,,4,1,,,14,35,,,65,9.1
Na,2.11,W,1.06,Mn,0.79,,,,,,,,,,,Si,96.05,,,,,Impregnation,1023,,,4,1,,,6,41,,,59,3.5
Na,2.11,W,1.06,Mn,0.79,,,,,,,,,,,Si,96.05,,,,,Impregnation,1023,,,4,1,,,2,47.5,,,52.5,1.1
Na,2.1,W,1,Mn,1.1,,,,,,,,,,,Si,95.8,,,,,Impregnation,1073,0.75,0.25,3,1,0.1,,30.2,36.7,39.6,23.8,63.4,19.1
Na,2.08,W,1.04,Mn,4.44,,,,,,,,,,,Si,92.44,,,,,Impregnation,1123,,,5,0.9,0,,11.8,,30.1,42.9,73,8.6
Na,2.08,W,1.04,Mn,4.44,,,,,,,,,,,Si,92.44,,,,,Impregnation,1123,,,5,0.9,0,,14.2,,34.5,48.2,82.7,11.7
Na,2.08,W,1.04,Mn,4.44,,,,,,,,,,,Si,92.44,,,,,Impregnation,1123,,,5,0.9,0,,19.8,,39.8,39.5,79.3,15.7
Na,2.08,W,1.04,Mn,4.44,,,,,,,,,,,Si,92.44,,,,,Impregnation,1123,,,5,0.9,0,,21.7,,42.8,32.9,75.7,16.4
Na,2.08,W,1.04,Mn,4.44,,,,,,,,,,,Si,92.44,,,,,Impregnation,1123,,,5,0.9,0,,25.3,,44.5,28.9,73.3,18.6
Na,2.08,W,1.04,Mn,4.44,,,,,,,,,,,Si,92.44,,,,,Impregnation,1123,,,5,0.9,0,,27.1,,41.7,24.6,66.3,17.9
Na,2.08,W,1.04,Mn,4.44,,,,,,,,,,,Si,92.44,,,,,Impregnation,1048,,,7.5,0.9,0,,11,29,30,41,71,
Na,2.08,W,1.04,Mn,4.44,,,,,,,,,,,Si,92.44,,,,,Impregnation,1073,,,7.5,0.9,0,,13,24,36,40,76,
Na,2.08,W,1.04,Mn,4.44,,,,,,,,,,,Si,92.44,,,,,Impregnation,1098,,,7.5,0.9,0,,13.5,25,40,35,75,
Na,2.08,W,1.04,Mn,4.44,,,,,,,,,,,Si,92.44,,,,,Impregnation,1123,,,7.5,0.9,0,,14,24,42,34,76,
Na,2.08,W,1.04,Mn,4.44,,,,,,,,,,,Si,92.44,,,,,Impregnation,1148,,,7.5,0.9,0,,15.5,34,44,22,66,
Na,2.08,W,1.04,Mn,4.44,,,,,,,,,,,Si,92.44,,,,,Impregnation,1073,,,3,0.9,0,,,40,42,18,60,
Na,2.08,W,1.04,Mn,4.44,,,,,,,,,,,Si,92.44,,,,,Impregnation,1073,,,5,0.9,0,,,30,40,30,70,
Na,2.08,W,1.04,Mn,4.44,,,,,,,,,,,Si,92.44,,,,,Impregnation,1073,,,6,0.9,0,,,25,40,35,75,
Na,2.08,W,1.04,Mn,4.44,,,,,,,,,,,Si,92.44,,,,,Impregnation,1073,,,9,0.9,0,,,16,42.5,41.5,84,
Na,2.08,W,1.04,Mn,2.23,,,,,,,,,,,Si,94.65,,,,,Impregnation,1073,0.71,0.29,2.5,1,0.05,100,31.2,43.1,17.3,15,32.3,10.1
Na,2.08,W,1.04,Mn,2.23,,,,,,,,,,,Si,94.65,,,,,Impregnation,1073,0.71,0.29,2.5,1,0.05,100,30.7,43.8,43.4,14.7,58.1,17.8
Na,2.08,W,1.04,Mn,2.23,,,,,,,,,,,Si,94.65,,,,,Impregnation,1073,,,3,1,1.95,,27.8,35,42.1,22.9,65,18.1
Na,2.08,W,1.04,Mn,2.23,,,,,,,,,,,Si,94.65,,,,,Impregnation,1073,,,3,1,1.95,,33.8,40.7,40.7,18.6,59.3,20
Na,2.08,W,1.04,Mn,2.23,,,,,,,,,,,Si,94.65,,,,,Impregnation,1023,0.4,0.1,4,1,0.06,27,8,24,,,76,6.1
Na,2.08,W,1.04,Mn,2.23,,,,,,,,,,,Si,94.66,,,,,Impregnation,1073,0.67,0.33,2,1,0.55,88.8,43.8,43.3,45.8,,53.3,23.3
Na,2.08,W,1.04,Mn,2.23,,,,,,,,,,,Si,94.66,,,,,Impregnation,1013,0.67,0.33,2,1,0.55,41.3,28.3,34.8,49.1,,49.1,13.9
Na,2.08,W,1.04,Mn,2.23,,,,,,,,,,,Si,94.66,,,,,Impregnation,1033,0.67,0.33,2,1,0.55,58.9,36.6,37.3,50.1,,50.1,18.3
Na,2.08,W,1.04,Mn,2.23,,,,,,,,,,,Si,94.66,,,,,Impregnation,1053,0.67,0.33,2,1,0.55,73.6,41.2,41.5,48,,48,19.8
Na,2.08,W,1.04,Mn,2.23,,,,,,,,,,,Si,94.66,,,,,Impregnation,1073,0.67,0.33,2,1,0.55,88.7,43.9,45.7,44.8,,44.8,19.7
Na,2.08,W,1.04,Mn,2.23,,,,,,,,,,,Si,94.66,,,,,Impregnation,1093,0.67,0.33,2,1,0.55,94.8,46.4,47.4,43,,43,20
Na,2.08,W,1.04,Mn,2.23,,,,,,,,,,,Si,94.66,,,,,Impregnation,1073,0.5,0.5,1,1,0.55,,54.8,51.7,,,40.5,22
Na,2.08,W,1.04,Mn,2.23,,,,,,,,,,,Si,94.66,,,,,Impregnation,1073,0.67,0.33,2,1,0.55,,45.4,45.6,,,46.1,20.8
Na,2.08,W,1.04,Mn,2.23,,,,,,,,,,,Si,94.66,,,,,Impregnation,1073,0.75,0.25,3,1,0.55,,35.2,35.1,,,46.9,17.9
Na,2.08,W,1.04,Mn,2.23,,,,,,,,,,,Si,94.66,,,,,Impregnation,1073,0.8,0.2,4,1,0.55,,26.2,28.3,,,50.4,13.2
Na,2.08,W,1.04,Mn,2.23,,,,,,,,,,,Si,94.66,,,,,Impregnation,1073,0.83,0.17,5,1,0.55,,22.1,23.6,,,52.3,11.5
Na,2.08,W,1.04,Mn,2.23,,,,,,,,,,,Si,94.66,,,,,Impregnation,1073,0.67,0.33,2,1,0.36,,42.5,39.4,,,47.3,20
Na,2.08,W,1.04,Mn,2.23,,,,,,,,,,,Si,94.66,,,,,Impregnation,1073,0.67,0.33,2,1,1.44,,46.7,54.3,,,40.2,18.7
Na,2.08,W,1.04,Mn,2.23,,,,,,,,,,,Si,94.66,,,,,Impregnation,1073,0.67,0.33,2,1,0.9,,46.1,47.7,,,42.5,19.6
Na,2.08,W,1.04,Mn,2.23,,,,,,,,,,,Si,94.66,,,,,Impregnation,1073,0.67,0.33,2,1,0.72,,44.9,46.2,,,41.6,18.6
Na,2.08,W,1.04,Mn,2.23,,,,,,,,,,,Si,94.66,,,,,Impregnation,1073,0.67,0.33,2,1,0.51,,41,42.5,,,42.1,17.1
Na,2.08,W,1.04,Mn,2.23,,,,,,,,,,,Si,94.66,,,,,Impregnation,1073,0.67,0.33,2,1,0.42,,38.9,43,,,42.9,16.6
Na,2.08,W,1.04,Mn,2.23,,,,,,,,,,,Si,94.66,,,,,Impregnation,1073,0.67,0.33,2,1,0.36,,36.2,40.8,,,43.4,15.5
Na,2.08,W,1.04,Mn,2.23,,,,,,,,,,,Si,94.65,,,,,Impregnation,1056,0.64,0.36,1.8,1,0.02,33,16,35,28,34,65,10
Na,2.08,W,1.04,Mn,2.23,,,,,,,,,,,Si,94.65,,,,,Impregnation,1153,0.66,0.34,1.9,1,0.02,99,46,52,33,10,48,22
Na,2.08,W,1.04,Mn,2.23,,,,,,,,,,,Si,94.65,,,,,Impregnation,1175,0.64,0.36,1.8,1,0.02,99,46,54,32,9,46,21
Na,2.08,W,1.04,Mn,2.23,,,,,,,,,,,Si,94.65,,,,,Impregnation,973,0.95,0.05,19,1,,,2,5,0,95,0,95
Na,2.08,W,1.04,Mn,2.23,,,,,,,,,,,Si,94.65,,,,,Impregnation,973,0.95,0.05,19,3,,17.5,,50,,,50,
Na,2.08,W,1.04,Mn,2.23,,,,,,,,,,,Si,94.65,,,,,Impregnation,973,0.95,0.05,19,4,,19,,50,,,50,
Na,2.08,W,1.04,Mn,2.23,,,,,,,,,,,Si,94.65,,,,,Impregnation,973,0.95,0.05,19,5,,22.5,,48,,,52,
Na,2.08,W,1.04,Mn,2.23,,,,,,,,,,,Si,94.65,,,,,Impregnation,973,0.95,0.05,19,6,,26,,48,,,52,
Na,2.08,W,1.04,Mn,2.23,,,,,,,,,,,Si,94.65,,,,,Impregnation,973,0.95,0.05,19,7,,42,,46,,,53.5,
Na,2.08,W,1.04,Mn,2.23,,,,,,,,,,,Si,94.65,,,,,Impregnation,973,0.95,0.05,19,8,,47.5,,46,,,53,
Na,2.08,W,1.04,Mn,2.23,,,,,,,,,,,Si,94.65,,,,,Impregnation,973,0.95,0.05,19,9,,71,,44,,,54,
Na,2.08,W,1.04,Mn,2.23,,,,,,,,,,,Si,94.65,,,,,Impregnation,973,0.95,0.05,19,10,,83,,40,,,55,
Na,2.08,W,1.04,Mn,2.23,,,,,,,,,,,Si,94.65,,,,,Impregnation,1023,0.06,0.04,1.6,1,,,48,33,,,67,32
Na,2.08,W,1.04,Mn,2.23,,,,,,,,,,,Si,94.65,,,,,Impregnation,973,0.06,0.04,1.6,1,,,24,25,,,75,18
Na,2.08,W,1.04,Mn,2.23,,,,,,,,,,,Si,94.65,,,,,Impregnation,1023,0.44,0.11,4,1,0.37,,15.8,,,,36.6,5.8
Na,2.08,W,1.04,Mn,2.23,Rh,0.06,,,,,,,,,Si,94.59,,,,,Impregnation,1023,0.44,0.11,4,1,0.37,,9.2,,,,61.9,5.7
Na,2.08,W,1.04,Mn,2.23,Ir,0.03,,,,,,,,,Si,94.62,,,,,Impregnation,1023,0.44,0.11,4,1,0.37,,14.5,,,,51.4,7.5
Na,2.08,W,1.04,Mn,2.23,Pt,0.03,,,,,,,,,Si,94.62,,,,,Impregnation,1023,0.44,0.11,4,1,0.37,,14.2,,,,39.6,5.6
Na,2.07,W,0.26,Mn,3.29,,,,,,,,,,,Si,94.38,,,,,Impregnation,1133,0.5,0.11,4.8,1,,,,,,,68.9,
Na,1.98,W,0.99,Mn,0.74,,,,,,,,,,,Ca,96.3,,,,,Impregnation,1023,0.4,0.1,4,1,0.01,99,18,72,,,28,5
Na,1.8,W,0.9,Mn,0.67,,,,,,,,,,,Al,96.62,,,,,Impregnation,1023,0.4,0.1,4,1,0.01,97,13,75,,,25,3.3
Na,1.61,W,0.8,Mn,4.32,,,,,,,,,,,Si,93.27,,,,,Impregnation,973,0.75,0.25,3,1,0.07,,27.7,62.2,26.6,7.8,37.8,10.5
Na,1.44,W,0.72,Mn,0.53,,,,,,,,,,,Mg,97.31,,,,,Impregnation,1023,0.4,0.1,4,1,0.01,26,4,74,,,26,1
Na,1.43,W,0.71,Mn,0.53,,,,,,,,,,,Si,48.66,C,48.66,,,Impregnation,1023,0.4,0.1,4,1,0.02,14,4,38,,,62,2.5
Na,0.54,W,0.27,Mn,2.17,,,,,,,,,,,Si,97.02,,,,,Impregnation,973,0.75,0.25,3,1,0.07,,18,68.7,19,9.9,31.3,5.6
Na,0.06,W,0.03,Mn,1.52,,,,,,,,,,,Si,98.38,,,,,Impregnation,973,0.75,0.25,3,1,0.07,,18.8,62.3,24.9,9.3,37.7,7.1
Na,0.05,W,0.03,Mn,2.97,,,,,,,,,,,Si,96.95,,,,,Impregnation,973,0.75,0.25,3,1,0.07,,21.2,63.6,25.8,7.9,36.4,7.7
Na,0.05,W,0.02,Mn,4.33,,,,,,,,,,,Si,95.59,,,,,Impregnation,973,0.75,0.25,3,1,0.07,,23.4,63.6,26.1,7.2,36.4,8.5
Na,0.04,W,0.02,Mn,5.63,,,,,,,,,,,Si,94.31,,,,,Impregnation,973,0.75,0.25,3,1,0.07,,29.1,50.4,35.7,9.5,49.6,14.5
Na,0.03,W,0.02,Mn,6.86,,,,,,,,,,,Si,93.08,,,,,Impregnation,973,0.75,0.25,3,1,0.07,,25.4,63.8,26.6,6.6,36.2,9.2
Na,0.03,W,0.01,Mn,8.04,,,,,,,,,,,Si,91.92,,,,,Impregnation,973,0.75,0.25,3,1,0.07,,23.2,63.3,23.3,8.9,36.7,8.5
Na,0.02,W,0.01,Mn,9.15,,,,,,,,,,,Si,90.82,,,,,Impregnation,973,0.75,0.25,3,1,0.07,,17,64.1,22.5,10.1,35.9,6.1
Na,0.01,W,0.01,Mn,10.22,,,,,,,,,,,Si,89.76,,,,,Impregnation,973,0.75,0.25,3,1,0.07,,16.7,66.4,20.4,10.3,33.6,5.6
Na,0.01,W,0,Mn,11.24,,,,,,,,,,,Si,88.75,,,,,Impregnation,973,0.75,0.25,3,1,0.07,,16.4,68.6,19.6,9.4,31.4,5.1
Na,12.13,Mn,11.86,W,1.59,,,,,,,,,,,Si,74.42,,,,,IJP-A synthesis,1093,0.45,0.15,3,1,0.06,,23.3,,30.9,28,58.9,13.7
Na,10.55,Mn,5.48,W,3.37,,,,,,,,,,,Si,80.6,,,,,IJP-A synthesis,1111,0.45,0.15,3,1,0.06,,37.2,,31,19.4,50.4,18.8
Na,9.5,Mn,5.43,W,1.49,,,,,,,,,,,Si,83.58,,,,,IJP-A synthesis,1109,0.45,0.15,3,1,0.06,,36.9,,34.1,18.9,53,19.6
Na,7.43,Mn,6.17,W,0.76,,,,,,,,,,,Si,85.63,,,,,IJP-A synthesis,1103,0.45,0.15,3,1,0.06,,32.1,,38.3,21.3,59.6,19.1
Na,7.25,Mn,7.9,W,1.83,,,,,,,,,,,Si,83.02,,,,,IJP-A synthesis,1111,0.45,0.15,3,1,0.06,,34.4,,37.3,18.6,55.9,19.2
Na,7.16,Mn,6.03,W,1.83,,,,,,,,,,,Si,84.98,,,,,IJP-A synthesis,1115,0.45,0.15,3,1,0.06,,38.1,,37.8,18.9,56.7,21.6
Na,7.01,Mn,6.14,W,1.58,,,,,,,,,,,Si,85.27,,,,,IJP-A synthesis,1118,0.45,0.15,3,1,0.06,,40.6,,35.9,17.9,53.8,21.9
Na,6.99,Mn,5.89,W,2.13,,,,,,,,,,,Si,84.99,,,,,IJP-A synthesis,1111,0.45,0.15,3,1,0.06,,41.4,,35.6,18.7,54.3,22.5
Na,6.92,Mn,8.14,W,0.7,,,,,,,,,,,Si,84.24,,,,,IJP-A synthesis,1095,0.45,0.15,3,1,0.06,,30,,40.4,23.8,64.2,19.3
Na,6.86,Mn,8.07,W,1.58,,,,,,,,,,,Si,83.49,,,,,IJP-A synthesis,1113,0.45,0.15,3,1,0.06,,42.8,,37.7,18,55.7,23.8
Na,6.58,Mn,7.89,W,2.18,,,,,,,,,,,Si,83.36,,,,,IJP-A synthesis,1110,0.45,0.15,3,1,0.06,,41.2,,34.8,18.3,53.1,21.9
Na,6.28,Mn,5.66,W,1.53,,,,,,,,,,,Si,86.53,,,,,IJP-A synthesis,1105,0.45,0.15,3,1,0.06,,35.1,,30.5,20.3,50.8,17.8
Na,5.96,Mn,6.44,W,1.66,,,,,,,,,,,Si,85.95,,,,,IJP-A synthesis,1109,0.45,0.15,3,1,0.06,,32.7,,36.3,20.1,56.4,18.4
Na,5.79,Mn,0.31,W,0.62,,,,,,,,,,,Si,93.27,,,,,IJP-A synthesis,1106,0.45,0.15,3,1,0.07,,29.1,,32.1,20.1,52.2,15.2
Na,5.69,Mn,5.61,W,3.64,,,,,,,,,,,Si,85.06,,,,,IJP-A synthesis,1114,0.45,0.15,3,1,0.06,,38.9,,32.9,20.6,53.5,20.8
Na,5.55,Mn,2.23,W,1.5,,,,,,,,,,,Si,90.72,,,,,IJP-A synthesis,1105,0.45,0.15,3,1,0.07,,28.3,,30.5,19,49.5,14
Na,5.15,Mn,12.87,W,1.52,,,,,,,,,,,Si,80.46,,,,,IJP-A synthesis,1126,0.45,0.15,3,1,0.06,,39.5,,36.5,19.2,55.7,22
Na,5.14,Mn,2.15,W,0.53,,,,,,,,,,,Si,92.18,,,,,IJP-A synthesis,1090,0.45,0.15,3,1,0.07,,31.8,,35.7,17.8,53.5,17
Na,4.8,Mn,12.54,W,3.19,,,,,,,,,,,Si,79.47,,,,,IJP-A synthesis,1106,0.45,0.15,3,1,0.06,,34.3,,35.9,22.5,58.4,20
Na,4.72,Mn,13.93,W,3.14,,,,,,,,,,,Si,78.21,,,,,IJP-A synthesis,1110,0.45,0.15,3,1,0.06,,40.3,,37.2,20.6,57.8,23.3
Na,3.21,Mn,6.1,W,1.6,,,,,,,,,,,Si,89.09,,,,,IJP-A synthesis,1117,0.45,0.15,3,1,0.06,,41.3,,34.9,18.4,53.3,22
Na,3.09,Mn,8.26,W,1.64,,,,,,,,,,,Si,87.01,,,,,IJP-A synthesis,953,0.45,0.15,3,1,0.06,3.3,0.7,,,,7.2,0.1
Na,3.09,Mn,8.26,W,1.64,,,,,,,,,,,Si,87.01,,,,,IJP-A synthesis,973,0.45,0.15,3,1,0.06,14.1,3.6,,,,24.6,0.9
Na,3.09,Mn,8.26,W,1.64,,,,,,,,,,,Si,87.01,,,,,IJP-A synthesis,1023,0.45,0.15,3,1,0.06,52.7,21.7,,,,53.2,11.6
Na,3.09,Mn,8.26,W,1.64,,,,,,,,,,,Si,87.01,,,,,IJP-A synthesis,1043,0.45,0.15,3,1,0.06,80,33.7,,,,57.8,19.4
Na,3.09,Mn,8.26,W,1.64,,,,,,,,,,,Si,87.01,,,,,IJP-A synthesis,1073,0.45,0.15,3,1,0.06,97.1,38.7,,,,58.5,22.6
Na,3.09,Mn,8.26,W,1.64,,,,,,,,,,,Si,87.01,,,,,IJP-A synthesis,1093,0.45,0.15,3,1,0.13,97.6,39.1,,,,58.5,22.9
Na,3.09,Mn,8.26,W,1.64,,,,,,,,,,,Si,87.01,,,,,IJP-A synthesis,1073,0.45,0.15,3,1,0.13,,20.9,,,,67.1,14
Na,3.09,Mn,8.26,W,1.64,,,,,,,,,,,Si,87.01,,,,,IJP-A synthesis,1073,0.45,0.15,3,1,0.04,,10.8,,,,71.6,7.7
Na,3.09,Mn,8.26,W,1.64,,,,,,,,,,,Si,87.01,,,,,IJP-A synthesis,1073,0.45,0.15,2,1,0.06,,42.2,,,,45.6,19.2
Na,3.09,Mn,8.26,W,1.64,,,,,,,,,,,Si,87.01,,,,,IJP-A synthesis,1073,0.45,0.15,4,1,0.06,,19.8,,,,64.1,12.7
Na,3.09,Mn,8.26,W,1.64,,,,,,,,,,,Si,87.01,,,,,IJP-A synthesis,1073,0.45,0.15,5,1,0.06,,12.8,,,,70.9,9.1
Na,3.09,Mn,8.26,W,1.64,,,,,,,,,,,Si,87.01,,,,,IJP-A synthesis,1121,0.45,0.15,3,1,0.06,,42.5,,37.4,18.7,56.1,23.8
Na,3.06,Mn,6.07,W,2.29,,,,,,,,,,,Si,88.58,,,,,IJP-A synthesis,1115,0.45,0.15,3,1,0.06,,42.6,,37.9,18,55.9,23.8
Na,2.97,Mn,6.28,W,1.97,,,,,,,,,,,Si,88.77,,,,,IJP-A synthesis,1110,0.45,0.15,3,1,0.06,,37.8,,35.7,19.8,55.5,21
Na,2.94,Mn,8.38,W,2.21,,,,,,,,,,,Si,86.47,,,,,IJP-A synthesis,1111,0.45,0.15,3,1,0.06,,41.5,,36,19,55,22.8
Na,2.92,Mn,6.34,W,0.79,,,,,,,,,,,Si,89.94,,,,,IJP-A synthesis,1114,0.45,0.15,3,1,0.06,,39.2,,39.6,18.9,58.5,22.9
Na,2.9,Mn,8.27,W,0.77,,,,,,,,,,,Si,88.06,,,,,IJP-A synthesis,1114,0.45,0.15,3,1,0.06,,39.7,,40.7,19.4,60.1,23.8
Na,2.6,Mn,8.35,W,1.97,,,,,,,,,,,Si,87.08,,,,,IJP-A synthesis,1103,0.45,0.15,3,1,0.06,,36.8,,37.2,18.6,55.8,20.5
Na,2.53,Mn,2.7,W,0.6,,,,,,,,,,,Si,94.16,,,,,IJP-A synthesis,1112,0.45,0.15,3,1,0.07,,31.4,,32.9,19.3,52.2,16.4
Na,2.3,Mn,2.49,W,1.52,,,,,,,,,,,Si,93.69,,,,,IJP-A synthesis,1121,0.45,0.15,3,1,0.07,,29.5,,28.9,19.3,48.2,14.2
Na,2.26,Mn,5.49,W,0.59,,,,,,,,,,,Si,91.67,,,,,IJP-A synthesis,1092,0.45,0.15,3,1,0.06,,34.5,,39.7,17.3,57,19.7
Na,2.17,Mn,5.69,W,1.38,,,,,,,,,,,Si,90.76,,,,,IJP-A synthesis,1113,0.45,0.15,3,1,0.06,,29.2,,29.1,19.4,48.5,14.2
Na,0.3,Mn,1.93,W,1.21,,,,,,,,,,,Si,96.56,,,,,IJP-A synthesis,1113,0.45,0.15,3,1,0.07,,39,,39.5,17.2,56.7,22.1
Na,2.11,W,2.06,Mn,0.79,,,,,,,,,,,Si,95.05,,,,,Citric acid method,1073,0.32,0.08,4,1,0,60.3,15.3,52.4,,,47.6,7.3
Na,2.11,W,1.06,Mn,0.79,,,,,,,,,,,Si,96.05,,,,,Citric acid method,1073,0.32,0.08,4,1,0,67,23.8,54.2,,,45.8,10.9
Mn,2.23,Na,2.08,W,1.04,,,,,,,,,,,Si,94.65,,,,,Solid-phase technique,1122,0.68,0.32,2.1,1,0.14,18,13,42,27,30,58,7.5
Mn,2.23,Na,2.08,W,1.04,,,,,,,,,,,Si,94.65,,,,,Solid-phase technique,1157,0.68,0.32,2.1,1,0.14,32,22,45,33,19,55,12.1
Mn,2.23,Na,2.08,W,1.04,,,,,,,,,,,Si,94.65,,,,,Solid-phase technique,1187,0.68,0.32,2.1,1,0.14,50,29,51,33,13,49,14.2
Mn,2.91,Na,2.72,W,1.36,,,,,,,,,,,Ti,93.01,,,,,Sol-gel,1048,0.75,0.25,3,1,0.36,100,28.2,,26.2,17.5,43.7,12.3
Mn,2.91,Na,2.72,W,1.36,,,,,,,,,,,Ti,93.01,,,,,Sol-gel,1073,0.75,0.25,3,1,0.36,100,30.1,,30,16.7,46.7,14.1
Mn,2.91,W,1.36,Na,2.72,Mg,0,Ti,93.01,,,,,,,,,,,,,Sol-gel,998,0.53,0.27,2,1,0.18,,1.4,71.4,2.6,26,28.6,0.4
Mn,2.91,W,1.36,Na,2.72,Mg,0,Ti,93.01,,,,,,,,,,,,,Sol-gel,998,0.53,0.27,2,1,0.18,,7.2,97.4,0.4,2.2,2.6,0.2
Mn,2.91,W,1.36,Na,2.72,Mg,0,Ti,93.01,,,,,,,,,,,,,Sol-gel,1023,0.53,0.27,2,1,0.18,,4.9,65.1,8.1,26.8,34.9,1.7
Mn,2.91,W,1.36,Na,2.72,Mg,0,Ti,93.01,,,,,,,,,,,,,Sol-gel,1048,0.53,0.27,2,1,0.18,,9.2,49.4,16.9,33.7,50.6,4.6
Mn,2.91,W,1.36,Na,2.72,Mg,0,Ti,93.01,,,,,,,,,,,,,Sol-gel,1073,0.53,0.27,2,1,0.18,,41.4,56.9,28.7,14.4,43.1,17.9
Mn,2.91,W,1.36,Na,2.72,Mg,0,Ti,93.01,,,,,,,,,,,,,Sol-gel,1098,0.53,0.27,2,1,0.18,,37.5,59.4,27.1,13.5,40.6,15.2
Mn,2.91,W,1.36,Na,2.72,Mg,0,Ti,93.01,,,,,,,,,,,,,Sol-gel,1123,0.53,0.27,2,1,0.18,,37.3,54.4,32.9,12.7,45.6,17
Mn,2.57,W,1.2,Na,2.4,Mg,23.46,Ti,70.37,,,,,,,,,,,,,Sol-gel,998,0.53,0.27,2,1,0.18,,2.8,76.5,3.9,19.6,23.5,0.6
Mn,2.57,W,1.2,Na,2.4,Mg,23.46,Ti,70.37,,,,,,,,,,,,,Sol-gel,1023,0.53,0.27,2,1,0.18,,2.1,52.6,4.3,43.1,47.4,1
Mn,2.57,W,1.2,Na,2.4,Mg,23.46,Ti,70.37,,,,,,,,,,,,,Sol-gel,1023,0.53,0.27,2,1,0.18,,12.7,96.3,0.9,2.8,3.7,0.5
Mn,2.57,W,1.2,Na,2.4,Mg,23.46,Ti,70.37,,,,,,,,,,,,,Sol-gel,1048,0.53,0.27,2,1,0.18,,10.6,59.8,15.1,25.1,40.2,4.3
Mn,2.57,W,1.2,Na,2.4,Mg,23.46,Ti,70.37,,,,,,,,,,,,,Sol-gel,1073,0.53,0.27,2,1,0.18,,15.8,38.2,29.3,32.5,61.8,9.8
Mn,2.57,W,1.2,Na,2.4,Mg,23.46,Ti,70.37,,,,,,,,,,,,,Sol-gel,1098,0.53,0.27,2,1,0.18,,42.4,57.3,29.4,13.3,42.7,18.1
Mn,2.57,W,1.2,Na,2.4,Mg,23.46,Ti,70.37,,,,,,,,,,,,,Sol-gel,1123,0.53,0.27,2,1,0.18,,39.1,58.7,29.5,11.8,41.3,16.1
Mn,2.3,Na,2.15,W,1.07,,,,,,,,,,,Si,85.04,Ti,9.45,,,Sol-gel,1048,0.75,0.25,3,1,0.36,100,28.4,,29.8,14.9,44.7,12.7
Mn,2.3,Na,2.15,W,1.07,,,,,,,,,,,Si,85.04,Ti,9.45,,,Sol-gel,1073,0.75,0.25,3,1,0.36,100,32,,32.9,14.3,47.2,15.1
Mn,2.26,Na,2.11,W,1.06,,,,,,,,,,,Si,89.84,Ti,4.73,,,Sol-gel,1048,0.75,0.25,3,1,0.36,70,24.3,,33,22,55,13.4
Mn,2.26,Na,2.11,W,1.06,,,,,,,,,,,Si,80.38,Ti,9.46,Mg,4.73,Sol-gel,1048,0.75,0.25,3,1,0.36,100,14.4,,17.6,16,33.6,4.8
Mn,2.26,Na,2.11,W,1.06,,,,,,,,,,,Si,89.84,Ti,4.73,,,Sol-gel,1073,0.75,0.25,3,1,0.36,97.3,35.8,,40.2,18.3,58.5,20.9
Mn,2.26,Na,2.11,W,1.06,,,,,,,,,,,Si,80.38,Ti,9.46,Mg,4.73,Sol-gel,1073,0.75,0.25,3,1,0.36,100,27.4,,28.8,15.1,43.9,12
Mn,2.25,Na,2.11,W,1.05,,,,,,,,,,,Si,88.91,Ti,4.73,Mg,0.95,Sol-gel,1048,0.75,0.25,3,1,0.36,89.8,26.1,,26.9,13.4,40.3,10.5
Mn,2.25,Na,2.11,W,1.05,,,,,,,,,,,Si,88.91,Ti,4.73,Mg,0.95,Sol-gel,1073,0.75,0.25,3,1,0.36,99.8,28,,26.3,11,37.3,10.4
Mn,2.25,Na,2.1,W,1.05,,,,,,,,,,,Si,91.76,Ti,2.84,,,Sol-gel,1048,0.75,0.25,3,1,0.36,100,16.6,,23.8,23.8,47.5,7.9
Mn,2.25,Na,2.1,W,1.05,,,,,,,,,,,Si,91.76,Ti,2.84,,,Sol-gel,1073,0.75,0.25,3,1,0.36,100,24.8,,33,16.5,49.5,12.3
Mn,2.24,Na,2.09,W,1.05,,,,,,,,,,,Si,87.05,Ti,4.73,Mg,2.84,Sol-gel,1048,0.75,0.25,3,1,0.36,84.6,32.3,,39.1,19.6,58.7,19
Mn,2.24,Na,2.09,W,1.05,,,,,,,,,,,Si,87.05,Ti,4.73,Mg,2.84,Sol-gel,1073,0.75,0.25,3,1,0.36,100,35.2,,38.7,14.9,53.6,18.9
Mn,2.23,Na,2.09,W,1.04,,,,,,,,,,,Si,93.69,Ti,0.95,,,Sol-gel,1048,0.75,0.25,3,1,0.36,100,15,,18.2,22.7,40.9,6.1
Mn,2.23,Na,2.09,W,1.04,,,,,,,,,,,Si,93.69,Ti,0.95,,,Sol-gel,1073,0.75,0.25,3,1,0.36,100,25.2,,28.3,17.7,46,11.6
Mn,2.23,Na,2.08,W,1.04,,,,,,,,,,,Si,94.65,,,,,Sol-gel,1048,0.75,0.25,3,1,0.36,100,30.9,,31.7,17.6,49.3,15.3
Mn,2.23,Na,2.08,W,1.04,,,,,,,,,,,Si,85.19,Ti,4.73,Mg,4.73,Sol-gel,1048,0.75,0.25,3,1,0.36,76.7,30.9,,39.2,23.1,62.3,19.3
Mn,2.23,Na,2.08,W,1.04,,,,,,,,,,,Si,94.65,,,,,Sol-gel,1073,0.75,0.25,3,1,0.36,100,33.5,,35.5,15.5,51,17.1
Mn,2.23,Na,2.08,W,1.04,,,,,,,,,,,Si,94.65,,,,,Sol-gel,1073,0.75,0.25,3,1,0.36,98.1,33.3,,37.2,15.5,52.7,16.5
Mn,2.23,Na,2.08,W,1.04,,,,,,,,,,,Si,94.65,,,,,Sol-gel,1073,0.75,0.25,3,1,0.36,100,33.4,,35.6,15.5,51.1,17.1
Mn,2.23,Na,2.08,W,1.04,,,,,,,,,,,Si,85.19,Ti,4.73,Mg,4.73,Sol-gel,1073,0.75,0.25,3,1,0.36,98.7,38.3,,42.6,17.7,60.3,23.1
Mn,2.23,W,1.04,Na,2.08,Mg,47.33,Ti,47.33,,,,,,,,,,,,,Sol-gel,998,0.53,0.27,2,1,0.18,,11.2,72.5,7.9,19.6,27.5,3.1
Mn,2.23,W,1.04,Na,2.08,Mg,47.33,Ti,47.33,,,,,,,,,,,,,Sol-gel,1023,0.53,0.27,2,1,0.18,,9.9,76.1,6.8,17.1,23.9,2.3
Mn,2.23,W,1.04,Na,2.08,Mg,47.33,Ti,47.33,,,,,,,,,,,,,Sol-gel,1048,0.53,0.27,2,1,0.18,,5,50.5,11.4,38.1,49.5,2.4
Mn,2.23,W,1.04,Na,2.08,Mg,47.33,Ti,47.33,,,,,,,,,,,,,Sol-gel,1048,0.53,0.27,2,1,0.18,,18.1,94.3,1.9,3.8,5.7,1
Mn,2.23,W,1.04,Na,2.08,Mg,47.33,Ti,47.33,,,,,,,,,,,,,Sol-gel,1073,0.53,0.27,2,1,0.18,,11.9,46.9,23.6,29.5,53.1,6.3
Mn,2.23,W,1.04,Na,2.08,Mg,47.33,Ti,47.33,,,,,,,,,,,,,Sol-gel,1098,0.53,0.27,2,1,0.18,,40.9,56,31.4,12.6,44,18
Mn,2.23,W,1.04,Na,2.08,Mg,47.33,Ti,47.33,,,,,,,,,,,,,Sol-gel,1123,0.53,0.27,2,1,0.18,,42.4,58.3,29.8,11.9,41.7,17.7
Mn,2.21,Na,2.07,W,1.03,,,,,,,,,,,Si,87.11,Ti,2.84,Mg,4.73,Sol-gel,1048,0.75,0.25,3,1,0.36,100,25.8,,27.5,16.2,43.7,11.3
Mn,2.21,Na,2.07,W,1.03,,,,,,,,,,,Si,83.33,Ti,4.73,Mg,6.63,Sol-gel,1048,0.75,0.25,3,1,0.36,84.2,25.6,,28.9,13.7,42.6,10.9
Mn,2.21,Na,2.07,W,1.03,,,,,,,,,,,Si,87.11,Ti,2.84,Mg,4.73,Sol-gel,1073,0.75,0.25,3,1,0.36,100,29.5,,31.3,12.5,43.8,12.9
Mn,2.21,Na,2.07,W,1.03,,,,,,,,,,,Si,83.33,Ti,4.73,Mg,6.63,Sol-gel,1073,0.75,0.25,3,1,0.36,97.3,29.1,,30.1,11.1,41.2,12
Mn,2.2,Na,2.06,W,1.03,,,,,,,,,,,Si,89.04,Ti,0.95,Mg,4.74,Sol-gel,1048,0.75,0.25,3,1,0.36,100,24,,26.9,18,44.9,10.8
Mn,2.2,Na,2.06,W,1.03,,,,,,,,,,,Si,89.04,Ti,0.95,Mg,4.74,Sol-gel,1073,0.75,0.25,3,1,0.36,100,28.9,,30.3,13.8,44.1,12.8
Mn,2.19,Na,2.05,W,1.02,,,,,,,,,,,Si,90,Mg,0,,4.74,Sol-gel,1048,0.75,0.25,3,1,0.36,17.1,5.6,,13.1,32.9,46,2.6
Mn,2.19,Na,2.05,W,1.02,,,,,,,,,,,Si,80.53,Ti,4.74,Mg,9.47,Sol-gel,1048,0.75,0.25,3,1,0.36,54.1,18.5,,20.5,29.4,49.9,9.3
Mn,2.19,Na,2.05,W,1.02,,,,,,,,,,,Si,90,Mg,0,,4.74,Sol-gel,1073,0.75,0.25,3,1,0.36,65.3,19.5,,24.2,16.2,40.4,7.8
Mn,2.19,Na,2.05,W,1.02,,,,,,,,,,,Si,80.53,Ti,4.74,Mg,9.47,Sol-gel,1073,0.75,0.25,3,1,0.36,78.8,25.5,,31,15.5,46.5,11.9
Mn,1.88,W,0.88,Na,1.75,Mg,71.62,Ti,23.87,,,,,,,,,,,,,Sol-gel,998,0.53,0.27,2,1,0.18,,1.4,68.9,2.8,28.3,31.1,0.4
Mn,1.88,W,0.88,Na,1.75,Mg,71.62,Ti,23.87,,,,,,,,,,,,,Sol-gel,1023,0.53,0.27,2,1,0.18,,25.7,58.1,21,21,41.9,10.8
Mn,1.88,W,0.88,Na,1.75,Mg,71.62,Ti,23.87,,,,,,,,,,,,,Sol-gel,1048,0.53,0.27,2,1,0.18,,22.6,62.5,17.8,19.7,37.5,8.5
Mn,1.88,W,0.88,Na,1.75,Mg,71.62,Ti,23.87,,,,,,,,,,,,,Sol-gel,1073,0.53,0.27,2,1,0.18,,11.8,48.9,19.2,31.9,51.1,6
Mn,1.88,W,0.88,Na,1.75,Mg,71.62,Ti,23.87,,,,,,,,,,,,,Sol-gel,1073,0.53,0.27,2,1,0.18,,21.7,91.9,3.6,4.5,8.1,1.8
Mn,1.88,W,0.88,Na,1.75,Mg,71.62,Ti,23.87,,,,,,,,,,,,,Sol-gel,1098,0.53,0.27,2,1,0.18,,16.3,43.1,31,25.9,56.9,9.3
Mn,1.88,W,0.88,Na,1.75,Mg,71.62,Ti,23.87,,,,,,,,,,,,,Sol-gel,1123,0.53,0.27,2,1,0.18,,42,59,30.5,10.5,41,17.2
Mn,1.7,W,1.3,Na,20,,,,,,,,,,,Si,77,,,,,Sol-gel,1073,0.55,0.18,3,1,0.1,,36.8,,,,64.9,23.9
Mn,1.52,W,0.71,Na,1.42,Mg,96.35,Ti,0,,,,,,,,,,,,,Sol-gel,998,0.53,0.27,2,1,0.18,,3.8,88.8,1.9,9.3,11.2,0.4
Mn,1.52,W,0.71,Na,1.42,Mg,96.35,Ti,0,,,,,,,,,,,,,Sol-gel,1023,0.53,0.27,2,1,0.18,,4.3,62.8,6.2,31,37.2,1.6
Mn,1.52,W,0.71,Na,1.42,Mg,96.35,Ti,0,,,,,,,,,,,,,Sol-gel,1048,0.53,0.27,2,1,0.18,,37.1,55.4,27.4,17.2,44.6,16.5
Mn,1.52,W,0.71,Na,1.42,Mg,96.35,Ti,0,,,,,,,,,,,,,Sol-gel,1073,0.53,0.27,2,1,0.18,,34,59.8,24.7,15.5,40.2,13.7
Mn,1.52,W,0.71,Na,1.42,Mg,96.35,Ti,0,,,,,,,,,,,,,Sol-gel,1098,0.53,0.27,2,1,0.18,,23.9,48.6,30,21.4,51.4,12.3
Mn,1.52,W,0.71,Na,1.42,Mg,96.35,Ti,0,,,,,,,,,,,,,Sol-gel,1098,0.53,0.27,2,1,0.18,,23.5,89,5.8,5.2,11,2.6
Mn,1.52,W,0.71,Na,1.42,Mg,96.35,Ti,0,,,,,,,,,,,,,Sol-gel,1123,0.53,0.27,2,1,0.18,,29.8,49.2,36.3,14.5,50.8,15.1
Mn,2.23,Na,2.08,W,1.04,,,,,,,,,,,Si,94.65,,,,,Slurry,903,0.46,0.15,3,1,0.37,44.9,8.5,,,,8.4,0.7
Mn,2.23,Na,2.08,W,1.04,,,,,,,,,,,Si,94.65,,,,,Slurry,918,0.46,0.15,3,1,0.37,59.2,12.3,,,,8,1
Mn,2.23,Na,2.08,W,1.04,,,,,,,,,,,Si,94.65,,,,,Slurry,933,0.46,0.15,3,1,0.37,73.1,14.4,,,,10.7,1.5
Mn,2.23,Na,2.08,W,1.04,,,,,,,,,,,Si,94.65,,,,,Slurry,958,0.46,0.15,3,1,0.37,86.9,17.9,,,,13.6,2.4
Mn,2.23,Na,2.08,W,1.04,,,,,,,,,,,Si,94.65,,,,,Slurry,973,0.46,0.15,3,1,0.37,95.6,21.8,,,,16.9,3.7
Mn,2.23,Na,2.08,W,1.04,,,,,,,,,,,Si,94.65,,,,,Slurry,1008,0.46,0.15,3,1,0.37,98.9,24.6,,,,19.7,4.8
Mn,2.23,Na,2.08,W,1.04,,,,,,,,,,,Si,94.65,,,,,Slurry,1023,0.46,0.15,3,1,0.37,99,25.7,,,,23.3,6
Mn,2.23,Na,2.08,W,1.04,,,,,,,,,,,Si,94.65,,,,,Slurry,993,0.46,0.15,3,1,0.19,70.8,13,,,,22.3,2.9
Mn,2.23,Na,2.08,W,1.04,,,,,,,,,,,Si,94.65,,,,,Slurry,1018,0.46,0.15,3,1,0.19,85.7,18.7,,,,26.6,5
Mn,2.23,Na,2.08,W,1.04,,,,,,,,,,,Si,94.65,,,,,Slurry,1038,0.46,0.15,3,1,0.19,90.8,20.7,,,,30.4,6.3
Mn,2.23,Na,2.08,W,1.04,,,,,,,,,,,Si,94.65,,,,,Slurry,1073,0.46,0.15,3,1,0.19,95.7,23,,,,36.5,8.4
Mn,2.23,Na,2.08,W,1.04,,,,,,,,,,,Si,94.65,,,,,Slurry,1093,0.46,0.15,3,1,0.19,98.5,24.8,,,,46.1,11.4
Mn,2.23,Na,2.08,W,1.04,,,,,,,,,,,Si,94.65,,,,,Slurry,1113,0.46,0.15,3,1,0.19,99.2,23.8,,,,46.1,11
Mn,2.23,Na,2.08,W,1.04,,,,,,,,,,,Si,94.65,,,,,Slurry,1128,0.46,0.15,3,1,0.19,99.2,23.8,,,,46.6,11.1
Mn,2.23,Na,2.08,W,1.04,,,,,,,,,,,Si,94.65,,,,,Slurry,988,0.46,0.15,3,1,0.09,42.5,8.8,,,,26.1,2.3
Mn,2.23,Na,2.08,W,1.04,,,,,,,,,,,Si,94.65,,,,,Slurry,1013,0.46,0.15,3,1,0.09,49.3,12.4,,,,33.1,4.1
Mn,2.23,Na,2.08,W,1.04,,,,,,,,,,,Si,94.65,,,,,Slurry,1038,0.46,0.15,3,1,0.09,57.5,18.1,,,,45.3,8.2
Mn,2.23,Na,2.08,W,1.04,,,,,,,,,,,Si,94.65,,,,,Slurry,1073,0.46,0.15,3,1,0.09,69.9,24.4,,,,54.6,13.3
Mn,2.23,Na,2.08,W,1.04,,,,,,,,,,,Si,94.65,,,,,Slurry,1098,0.46,0.15,3,1,0.09,99.3,30.3,,,,63.5,19.2
Mn,2.23,Na,2.08,W,1.04,,,,,,,,,,,Si,94.65,,,,,Slurry,1113,0.46,0.15,3,1,0.09,99.2,30.6,,,,63,19.3
Mn,2.23,Na,2.08,W,1.04,,,,,,,,,,,Si,94.65,,,,,Slurry,1133,0.46,0.15,3,1,0.09,99.7,29.2,,,,63.2,18.4
Mn,2.23,Na,2.08,W,1.04,,,,,,,,,,,Si,94.65,,,,,Slurry,1148,0.46,0.15,3,1,0.09,100,29,,,,63.2,18.3
Mn,6.01,Na,4.5,W,2.25,Ce,2.36,La,2.378978995,,,,,,,Si,82.5,,,,,SCS,955,0.64,0.16,4,1,0.4,,,,,,,0.8
Mn,6.01,Na,4.5,W,2.25,Ce,2.36,La,2.378978995,,,,,,,Si,82.5,,,,,SCS,1001,0.64,0.16,4,1,0.4,,,,,,,5.4
Mn,6.01,Na,4.5,W,2.25,Ce,2.36,La,2.378978995,,,,,,,Si,82.5,,,,,SCS,1027,0.64,0.16,4,1,0.4,,,,,,,11.9
Mn,6.01,Na,4.5,W,2.25,Ce,2.36,La,2.378978995,,,,,,,Si,82.5,,,,,SCS,1035,0.64,0.16,4,1,0.4,,,,,,,15.6
Mn,6.01,Na,4.5,W,2.25,Ce,2.36,La,2.378978995,,,,,,,Si,82.5,,,,,SCS,1050,0.64,0.16,4,1,0.4,,,,,,,20.8
Mn,6.01,Na,4.5,W,2.25,Ce,2.36,La,2.378978995,,,,,,,Si,82.5,,,,,SCS,1067,0.64,0.16,4,1,0.4,,,,,,,20.8
Mn,6.01,Na,4.5,W,2.25,Ce,2.36,La,2.378978995,,,,,,,Si,82.5,,,,,SCS,1088,0.64,0.16,4,1,0.4,,,,,,,19.3
Mn,6.01,Na,4.5,W,2.25,Ce,2.36,La,2.378978995,,,,,,,Si,82.5,,,,,SCS,1098,0.64,0.16,4,1,0.4,,,,,,,17
Mn,6.01,Na,4.5,W,2.25,Ce,2.36,La,2.378978995,,,,,,,Si,82.5,,,,,SCS,1067,,,3,1,0.4,,,,,,,17.3
Mn,6.01,Na,4.5,W,2.25,Ce,2.36,La,2.378978995,,,,,,,Si,82.5,,,,,SCS,1067,,,5,1,0.4,,,,,,,8.5
Mn,5.83,Na,4.36,W,2.18,La,2.31,,,,,,,,,Si,85.32,,,,,SCS,956,0.64,0.16,4,1,0.42,,,,,,,0.1
Mn,5.83,Na,4.36,W,2.18,La,2.31,,,,,,,,,Si,85.32,,,,,SCS,1005,0.64,0.16,4,1,0.42,,,,,,,7.7
Mn,5.83,Na,4.36,W,2.18,La,2.31,,,,,,,,,Si,85.32,,,,,SCS,1030,0.64,0.16,4,1,0.42,,,,,,,16.2
Mn,5.83,Na,4.36,W,2.18,La,2.31,,,,,,,,,Si,85.32,,,,,SCS,1055,0.64,0.16,4,1,0.42,,,,,,,23.1
Mn,5.83,Na,4.36,W,2.18,La,2.31,,,,,,,,,Si,85.32,,,,,SCS,1056,0.64,0.16,4,1,0.42,,,,,,,22.6
Mn,5.83,Na,4.36,W,2.18,La,2.31,,,,,,,,,Si,85.32,,,,,SCS,1074,0.64,0.16,4,1,0.42,,,,,,,23.4
Mn,5.83,Na,4.36,W,2.18,La,2.31,,,,,,,,,Si,85.32,,,,,SCS,1090,0.64,0.16,4,1,0.42,,,,,,,21.1
Mn,5.83,Na,4.36,W,2.18,La,2.31,,,,,,,,,Si,85.32,,,,,SCS,1113,0.64,0.16,4,1,0.42,,,,,,,18.7
Mn,5.83,Na,4.36,W,2.18,Ce,2.29,,,,,,,,,Si,85.34,,,,,SCS,954,0.64,0.16,4,1,0.41,,,,,,,2.2
Mn,5.83,Na,4.36,W,2.18,Ce,2.29,,,,,,,,,Si,85.34,,,,,SCS,1006,0.64,0.16,4,1,0.41,,,,,,,14
Mn,5.83,Na,4.36,W,2.18,Ce,2.29,,,,,,,,,Si,85.34,,,,,SCS,1031,0.64,0.16,4,1,0.41,,,,,,,21.2
Mn,5.83,Na,4.36,W,2.18,Ce,2.29,,,,,,,,,Si,85.34,,,,,SCS,1047,0.64,0.16,4,1,0.41,,,,,,,21.1
Mn,5.83,Na,4.36,W,2.18,Ce,2.29,,,,,,,,,Si,85.34,,,,,SCS,1068,0.64,0.16,4,1,0.41,,,,,,,19.4
Mn,5.83,Na,4.36,W,2.18,Ce,2.29,,,,,,,,,Si,85.34,,,,,SCS,1089,0.64,0.16,4,1,0.41,,,,,,,17.8
Mn,5.83,Na,4.36,W,2.18,Ce,2.29,,,,,,,,,Si,85.34,,,,,SCS,1114,0.64,0.16,4,1,0.41,,,,,,,15.1
Mn,5.83,Na,4.36,W,2.18,La,2.31,,,,,,,,,Si,85.32,,,,,SCS,1055,,,2,1,0.42,,,,,,,24
Mn,5.83,Na,4.36,W,2.18,La,2.31,,,,,,,,,Si,85.32,,,,,SCS,1055,,,3,1,0.42,,,,,,,18.8
Mn,5.83,Na,4.36,W,2.18,La,2.31,,,,,,,,,Si,85.32,,,,,SCS,1055,,,5,1,0.42,,,,,,,9.6
Mn,5.83,Na,4.36,W,2.18,Ce,2.29,,,,,,,,,Si,85.34,,,,,SCS,1074,,,2,1,0.41,,,,,,,20.5
Mn,5.83,Na,4.36,W,2.18,Ce,2.29,,,,,,,,,Si,85.34,,,,,SCS,1074,,,3,1,0.41,,,,,,,17.7
Mn,5.83,Na,4.36,W,2.18,Ce,2.29,,,,,,,,,Si,85.34,,,,,SCS,1074,,,5,1,0.41,,,,,,,7.6
Mn,5.83,Na,4.36,W,2.18,Ce,2.29,,,,,,,,,Si,85.34,,,,,SCS,1067,,,2,1,0.4,,,,,,,17.8
Mn,5.66,Na,4.23,W,2.12,,,,,,,,,,,Si,87.99,,,,,SCS,938,0.64,0.16,4,1,0.43,,,,,,,2.4
Mn,5.66,Na,4.23,W,2.12,,,,,,,,,,,Si,87.99,,,,,SCS,988,0.64,0.16,4,1,0.43,,,,,,,18.4
Mn,5.66,Na,4.23,W,2.12,,,,,,,,,,,Si,87.99,,,,,SCS,1003,0.64,0.16,4,1,0.43,,,,,,,20.2
Mn,5.66,Na,4.23,W,2.12,,,,,,,,,,,Si,87.99,,,,,SCS,1013,0.64,0.16,4,1,0.43,0.4,,,,,,21.1
Mn,5.66,Na,4.23,W,2.12,,,,,,,,,,,Si,87.99,,,,,SCS,1031,0.64,0.16,4,1,0.43,0.4,,,,,,19.5
Mn,5.66,Na,4.23,W,2.12,,,,,,,,,,,Si,87.99,,,,,SCS,1033,0.64,0.16,4,1,0.43,0.4,,,,,,19.6
Mn,5.66,Na,4.23,W,2.12,,,,,,,,,,,Si,87.99,,,,,SCS,1054,0.64,0.16,4,1,0.43,0.4,,,,,,17.9
Mn,5.66,Na,4.23,W,2.12,,,,,,,,,,,Si,87.99,,,,,SCS,1079,0.64,0.16,4,1,0.43,,,,,,,15.8
Mn,5.66,Na,4.23,W,2.12,,,,,,,,,,,Si,87.99,,,,,SCS,1013,,,2,1,0.43,,,,,,,19
Mn,5.66,Na,4.23,W,2.12,,,,,,,,,,,Si,87.99,,,,,SCS,1013,,,3,1,0.43,,,,,,,17.2
Mn,5.66,Na,4.23,W,2.12,,,,,,,,,,,Si,87.99,,,,,SCS,1013,,,5,1,0.43,,,,,,,10.3
Mn,4.82,Na,4.32,W,2.16,,,,,,,,,,,Si,88.7,,,,,SCS,1073,0.5,0.1,5,1,0.16,,24.1,,,,72.2,17.4
Mn,4.82,Na,4.32,W,2.16,,,,,,,,,,,Si,88.7,,,,,SCS,1053,0.5,0.1,5,1,0.16,,22.6,,,,71.2,16.1
Mn,4.82,Na,4.32,W,2.16,,,,,,,,,,,Si,88.7,,,,,SCS,1033,0.5,0.1,5,1,0.16,,20.5,,,,65.3,13.4
Mn,4.82,Na,4.32,W,2.16,,,,,,,,,,,Si,88.7,,,,,SCS,1013,0.5,0.1,5,1,0.16,,12.8,,,,59.3,7.6
Mn,4.82,Na,4.32,W,2.16,,,,,,,,,,,Si,88.7,,,,,SCS,993,0.5,0.1,5,1,0.16,,9.6,,,,48.2,4.6
Mn,4.82,Na,4.32,W,2.16,,,,,,,,,,,Si,88.7,,,,,SCS,953,0.5,0.1,5,1,0.16,,1.6,,,,12.4,0.2
Mn,5.51,Na,1.24,W,0.62,,,,,,,,,,,Si,92.64,,,,,n.a.,1073,0.83,0.17,5,1,0.05,,25.7,,,,66.1,16.9
Mn,4.41,Na,1.24,W,0.62,,,,,,,,,,,Si,93.74,,,,,n.a.,1073,0.83,0.17,5,1,0.05,,25.5,,,,65.4,16.7
Mn,3.31,Na,1.24,W,0.62,,,,,,,,,,,Si,94.83,,,,,n.a.,1073,0.83,0.17,5,1,0.05,,25.2,,,,66.7,16.8
Mn,2.21,Na,1.24,W,0.62,,,,,,,,,,,Si,95.93,,,,,n.a.,1073,0.83,0.17,5,1,0.05,,26.7,,,,69.2,18.5
Mn,2.12,Na,2.51,W,1.25,,,,,,,,,,,Si,94.12,,,,,n.a.,1073,0.83,0.17,5,1,0.05,,17.2,,,,69.2,11.9
Mn,2.11,Na,2.08,W,1.04,,,,,,,,,,,Si,94.76,,,,,n.a.,1073,0.83,0.17,5,1,0.05,,19,,,,65,12.4
Mn,2.11,Na,1.66,W,0.83,,,,,,,,,,,Si,95.41,,,,,n.a.,1073,0.83,0.17,5,1,0.05,,24.5,,,,68.3,16.7
Mn,2.1,Na,1.24,W,0.62,,,,,,,,,,,Si,96.04,,,,,n.a.,1073,0.83,0.17,5,1,0.05,,26.8,,,,68.3,18.3
Mn,2.1,Na,1.24,W,0.62,,,,,,,,,,,Si,96.04,,,,,n.a.,1043,0.83,0.17,5,1,0.05,,16.9,,,,57,9.7
Mn,2.1,Na,1.24,W,0.62,,,,,,,,,,,Si,96.04,,,,,n.a.,1063,0.83,0.17,5,1,0.05,,20.4,,,,71.4,14.6
Mn,2.1,Na,1.24,W,0.62,,,,,,,,,,,Si,96.04,,,,,n.a.,1083,0.83,0.17,5,1,0.05,,26.8,,,,68.4,18.3
Mn,2.1,Na,1.24,W,0.62,,,,,,,,,,,Si,96.04,,,,,n.a.,1103,0.83,0.17,5,1,0.05,,24.5,,,,65.3,16
Mn,2.1,Na,1.24,W,0.62,,,,,,,,,,,Si,96.04,,,,,n.a.,1123,0.83,0.17,5,1,0.05,,24.5,,,,65.4,16
Mn,2.1,Na,1.24,W,0.62,,,,,,,,,,,Si,96.04,,,,,n.a.,1143,0.83,0.17,5,1,0.05,,23.7,,,,63.9,15.1
Mn,2.1,Na,1.24,W,0.62,,,,,,,,,,,Si,96.04,,,,,n.a.,1163,0.83,0.17,5,1,0.05,,22.8,,,,61.9,14.1
Mn,2.1,Na,1.24,W,0.62,,,,,,,,,,,Si,96.04,,,,,n.a.,1183,0.67,0.33,2,1,0.05,,47.4,,,,41.4,19.6
Mn,2.1,Na,1.24,W,0.62,,,,,,,,,,,Si,96.04,,,,,n.a.,1183,0.75,0.25,3,1,0.05,,35.8,,,,51.2,18.3
Mn,2.1,Na,1.24,W,0.62,,,,,,,,,,,Si,96.04,,,,,n.a.,1183,0.8,0.2,4,1,0.05,,29.9,,,,58.4,17.5
Mn,2.1,Na,1.24,W,0.62,,,,,,,,,,,Si,96.04,,,,,n.a.,1183,0.83,0.17,5,1,0.05,,27,,,,65,17.6
Mn,2.1,Na,1.24,W,0.62,,,,,,,,,,,Si,96.04,,,,,n.a.,1183,0.86,0.14,6,1,0.05,,18.3,,,,62.2,11.4
Mn,2.09,Na,0.82,W,0.41,,,,,,,,,,,Si,96.68,,,,,n.a.,1073,0.83,0.17,5,1,0.05,,25.6,,,,65.7,16.8
Mn,2.08,Na,0.41,W,0.2,,,,,,,,,,,Si,97.3,,,,,n.a.,1073,0.83,0.17,5,1,0.05,,22,,,,59.9,13.2
Mn,1.11,Na,1.24,W,0.62,,,,,,,,,,,Si,97.03,,,,,n.a.,1073,0.83,0.17,5,1,0.05,,10.3,,,,46.9,4.8
Mn,14.05,Na,8.76,W,4.38,,,,,,,,,,,Si,72.81,,,,,Impregnation,873,,,5,1,0.11,,5.5,,1.8,24.4,26.2,1.4
Mn,14.05,Na,8.76,W,4.38,,,,,,,,,,,Si,72.81,,,,,Impregnation,923,,,5,1,0.11,,12.7,,25.8,39.4,65.3,8.3
Mn,14.05,Na,8.76,W,4.38,,,,,,,,,,,Si,72.81,,,,,Impregnation,973,,,5,1,0.11,,18.1,,33.7,27,60.8,11
Mn,14.05,Na,8.76,W,4.38,,,,,,,,,,,Si,72.81,,,,,Impregnation,1023,,,5,1,0.11,,18.9,,38.4,26.4,64.9,12.3
Mn,14.05,Na,8.76,W,4.38,,,,,,,,,,,Si,72.81,,,,,Impregnation,1073,,,5,1,0.11,,18.6,,41.8,19.8,61.6,11.5
Mn,14.05,Na,8.76,W,4.38,,,,,,,,,,,Si,72.81,,,,,Impregnation,1123,,,5,1,0.11,,16.9,,35.1,11.5,46.6,7.9
Mn,14.05,Na,8.76,W,4.38,,,,,,,,,,,Si,72.81,,,,,Impregnation,873,,,2,1,0.11,,22.8,,1.5,8.2,9.7,2.2
Mn,14.05,Na,8.76,W,4.38,,,,,,,,,,,Si,72.81,,,,,Impregnation,923,,,2,1,0.11,,29.6,,20.8,12.8,33.6,10
Mn,14.05,Na,8.76,W,4.38,,,,,,,,,,,Si,72.81,,,,,Impregnation,973,,,2,1,0.11,,34.4,,30.1,12.4,42.6,14.7
Mn,14.05,Na,8.76,W,4.38,,,,,,,,,,,Si,72.81,,,,,Impregnation,1023,,,2,1,0.11,,36.1,,33.1,10,43.2,15.6
Mn,14.05,Na,8.76,W,4.38,,,,,,,,,,,Si,72.81,,,,,Impregnation,1073,,,2,1,0.11,,33,,35.8,8.7,44.5,14.7
Mn,14.05,Na,8.76,W,4.38,,,,,,,,,,,Si,72.81,,,,,Impregnation,873,,,10,1,0.11,,2.8,,,,35.4,1
Mn,14.05,Na,8.76,W,4.38,,,,,,,,,,,Si,72.81,,,,,Impregnation,923,,,10,1,0.11,,4,,,,81.7,3.3
Mn,14.05,Na,8.76,W,4.38,,,,,,,,,,,Si,72.81,,,,,Impregnation,973,,,10,1,0.11,,6.1,,,,100,6.4
Mn,14.05,Na,8.76,W,4.38,,,,,,,,,,,Si,72.81,,,,,Impregnation,1023,,,10,1,0.11,,6.7,,,,95.2,6.3
Mn,14.05,Na,8.76,W,4.38,,,,,,,,,,,Si,72.81,,,,,Impregnation,1073,,,10,1,0.11,,4.2,,,,90.9,3.8
Mn,4.76,Na,4.45,W,2.22,Zr,4.76,,,,,,,,,Si,83.81,,,,,Impregnation,1073,0.5,0.1,5,1,0.15,,10.1,,,,43.8,4.4
Mn,4.76,Na,4.45,W,2.22,Zr,4.76,,,,,,,,,Si,83.81,,,,,Impregnation,1053,0.5,0.1,5,1,0.15,,8.4,,,,32.4,2.7
Mn,4.76,Na,4.45,W,2.22,Zr,4.76,,,,,,,,,Si,83.81,,,,,Impregnation,1033,0.5,0.1,5,1,0.15,,5.4,,,,21.8,1.2
Mn,4.76,Na,4.45,W,2.22,Zr,4.76,,,,,,,,,Si,83.81,,,,,Impregnation,1013,0.5,0.1,5,1,0.15,,2.3,,,,10.2,0.2
Mn,4.76,Na,4.45,W,2.22,Zr,4.76,,,,,,,,,Si,83.81,,,,,Impregnation,993,0.5,0.1,5,1,0.15,,0.2,,,,0.5,0
Mn,4.76,Na,4.45,W,2.22,Zr,4.76,,,,,,,,,Si,83.81,,,,,Impregnation,973,0.5,0.1,5,1,0.15,,0.1,,,,0.3,0
Mn,4.65,Na,4.35,W,2.17,Ga,4.65,,,,,,,,,Si,84.18,,,,,Impregnation,1073,0.5,0.1,5,1,0.15,,11.6,,,,44.5,5.2
Mn,4.65,Na,4.35,W,2.17,Ga,4.65,,,,,,,,,Si,84.18,,,,,Impregnation,1053,0.5,0.1,5,1,0.15,,10.1,,,,33,3.3
Mn,4.65,Na,4.35,W,2.17,Ga,4.65,,,,,,,,,Si,84.18,,,,,Impregnation,1033,0.5,0.1,5,1,0.15,,8.6,,,,19.3,1.7
Mn,4.65,Na,4.35,W,2.17,Ga,4.65,,,,,,,,,Si,84.18,,,,,Impregnation,1013,0.5,0.1,5,1,0.15,,5.2,,,,10.7,0.6
Mn,4.65,Na,4.35,W,2.17,Ga,4.65,,,,,,,,,Si,84.18,,,,,Impregnation,993,0.5,0.1,5,1,0.15,,0,,,,0.8,0
Mn,4.65,Na,4.35,W,2.17,Ga,4.65,,,,,,,,,Si,84.18,,,,,Impregnation,973,0.5,0.1,5,1,0.15,,0,,,,0.6,0
Mn,4.6,Na,4.3,W,2.15,Ti,4.6,,,,,,,,,Si,84.35,,,,,Impregnation,1073,0.5,0.1,5,1,0.15,,25.6,,,,76.5,19.6
Mn,4.6,Na,4.3,W,2.15,Ti,4.6,,,,,,,,,Si,84.35,,,,,Impregnation,1053,0.5,0.1,5,1,0.15,,25.2,,,,75.9,19.1
Mn,4.6,Na,4.3,W,2.15,Ti,4.6,,,,,,,,,Si,84.35,,,,,Impregnation,1033,0.5,0.1,5,1,0.15,,24.7,,,,75.4,18.6
Mn,4.6,Na,4.3,W,2.15,Ti,4.6,,,,,,,,,Si,84.35,,,,,Impregnation,1013,0.5,0.1,5,1,0.15,,23.9,,,,74.7,17.8
Mn,4.6,Na,4.3,W,2.15,Ti,4.6,,,,,,,,,Si,84.35,,,,,Impregnation,993,0.5,0.1,5,1,0.15,,23.6,,,,73.5,17.4
Mn,4.6,Na,4.3,W,2.15,Ti,4.6,,,,,,,,,Si,84.35,,,,,Impregnation,973,0.5,0.1,5,1,0.15,,22.7,,,,73.2,16.6
Mn,4.53,Na,4.24,W,2.12,,,,,,,,,,,Si,89.11,,,,,Impregnation,1073,0.5,0.1,5,1,0.16,,22.6,,,,65.5,14.8
Mn,4.53,Na,4.24,W,2.12,,,,,,,,,,,Si,89.11,,,,,Impregnation,1053,0.5,0.1,5,1,0.16,,20.8,,,,62.4,12.9
Mn,4.53,Na,4.24,W,2.12,,,,,,,,,,,Si,89.11,,,,,Impregnation,1033,0.5,0.1,5,1,0.16,,18.9,,,,59.4,11.2
Mn,4.53,Na,4.24,W,2.12,,,,,,,,,,,Si,89.11,,,,,Impregnation,1013,0.5,0.1,5,1,0.16,,13.1,,,,40.6,5.3
Mn,4.53,Na,4.24,W,2.12,,,,,,,,,,,Si,89.11,,,,,Impregnation,993,0.5,0.1,5,1,0.16,,10.2,,,,28.4,2.9
Mn,4.53,Na,4.24,W,2.12,,,,,,,,,,,Si,89.11,,,,,Impregnation,973,0.5,0.1,5,1,0.16,,2.5,,,,7.2,0.2
Mn,4.48,Na,4.45,W,2.23,,,,,,,,,,,Ca,44.42,Ti,44.42,,,Impregnation,993,0.5,0.1,5,1,0.11,,14.5,,,,35.7,5.2
Mn,4.48,Na,4.45,W,2.23,,,,,,,,,,,Ca,44.42,Ti,44.42,,,Impregnation,993,0.5,0.1,5,1,0.11,,7.8,,,,28.6,2.2
Mn,4.48,Na,4.45,W,2.23,,,,,,,,,,,Ca,44.42,Ti,44.42,,,Impregnation,993,0.5,0.1,5,1,0.11,,3.4,,,,13.7,0.5
Mn,4.48,Na,4.45,W,2.23,,,,,,,,,,,Ti,88.84,,,,,Impregnation,993,0.5,0.1,5,1,0.11,,9.6,,,,45.5,4.4
Mn,4.48,Na,4.45,W,2.23,,,,,,,,,,,Ti,88.84,,,,,Impregnation,993,0.5,0.1,5,1,0.11,,5.4,,,,32,1.7
Mn,4.48,Na,4.45,W,2.23,,,,,,,,,,,Ti,88.84,,,,,Impregnation,993,0.5,0.1,5,1,0.11,,2.8,,,,17.7,0.5
Mn,4.48,Na,4.45,W,2.23,,,,,,,,,,,Ti,88.84,,,,,Impregnation,993,0.5,0.1,5,1,0.1,,2.9,,,,21.8,0.6
Mn,4.48,Na,4.45,W,2.23,,,,,,,,,,,Ti,88.84,,,,,Impregnation,993,0.5,0.1,5,1,0.1,,2.7,,,,17.5,0.5
Mn,4.48,Na,4.45,W,2.23,,,,,,,,,,,Ti,88.84,,,,,Impregnation,993,0.5,0.1,5,1,0.1,,2.7,,,,10.7,0.3
Mn,4.47,Na,4.18,W,2.09,Mg,4.47,,,,,,,,,Si,84.81,,,,,Impregnation,1073,0.5,0.1,5,1,0.15,,22,,,,62.1,13.7
Mn,4.47,Na,4.18,W,2.09,Mg,4.47,,,,,,,,,Si,84.81,,,,,Impregnation,1053,0.5,0.1,5,1,0.15,,19.2,,,,59.2,11.4
Mn,4.47,Na,4.18,W,2.09,Mg,4.47,,,,,,,,,Si,84.81,,,,,Impregnation,1033,0.5,0.1,5,1,0.15,,17.3,,,,45.4,7.9
Mn,4.47,Na,4.18,W,2.09,Mg,4.47,,,,,,,,,Si,84.81,,,,,Impregnation,1013,0.5,0.1,5,1,0.15,,8.9,,,,34.2,3
Mn,4.47,Na,4.18,W,2.09,Mg,4.47,,,,,,,,,Si,84.81,,,,,Impregnation,993,0.5,0.1,5,1,0.15,,4.9,,,,20,1
Mn,4.47,Na,4.18,W,2.09,Mg,4.47,,,,,,,,,Si,84.81,,,,,Impregnation,973,0.5,0.1,5,1,0.15,,0,,,,1.2,0
Mn,4.39,W,1.02,Na,4.25,,,,,,,S,2.12,,,Si,88.22,,,,,Impregnation,1023,0.73,0.15,5,1,0.27,,19,,24,27.4,51.4,10
Mn,4.39,W,1.02,Na,4.25,,,,,,,S,2.12,,,Si,88.22,,,,,Impregnation,1048,0.73,0.15,5,1,0.27,,30,,33.7,21.4,55.1,17
Mn,4.39,W,1.02,Na,4.25,,,,,,,S,2.12,,,Si,88.22,,,,,Impregnation,1073,0.73,0.15,5,1,0.27,,30,,38.7,21.1,59.8,19
Mn,4.39,W,1.02,Na,4.25,,,,,,,S,2.12,,,Si,88.22,,,,,Impregnation,1098,0.73,0.15,5,1,0.27,,33,,44,16.5,60.5,20
Mn,4.39,W,1.02,Na,4.25,,,,,,,S,2.12,,,Si,88.22,,,,,Impregnation,1073,0.73,0.15,5,1,0.32,,31,,39,19.4,58.4,18
Mn,4.39,W,1.02,Na,4.25,,,,,,,S,2.12,,,Si,88.22,,,,,Impregnation,1073,0.73,0.15,5,1,0.37,,32,,39.4,16.4,55.8,18
Mn,4.39,W,1.02,Na,4.25,,,,,,,S,2.12,,,Si,88.22,,,,,Impregnation,1073,0.73,0.15,5,1,0.47,,32,,39.6,16.3,55.9,18
Mn,4.39,W,1.02,Na,4.25,,,,,,,S,2.12,,,Si,88.22,,,,,Impregnation,1073,0.63,0.25,2.5,1,0.27,,37,,42.2,12.7,54.9,21
Mn,4.39,W,1.02,Na,4.25,,,,,,,S,2.12,,,Si,88.22,,,,,Impregnation,1073,0.68,0.2,3.3,1,0.27,,33,,41.1,16.2,57.3,20
Mn,4.39,W,1.02,Na,4.25,,,,,,,S,2.12,,,Si,88.22,,,,,Impregnation,1073,0.78,0.1,7.5,1,0.27,,24,,37.9,23,60.9,15
Mn,4.39,W,1.02,Na,4.25,,,,,,,S,2.12,,,Si,88.22,,,,,Impregnation,1073,0.8,0.08,10,1,0.27,,20,,37.3,25.3,62.6,13
Mn,4.39,W,1.02,Na,4.25,,,,,,,S,2.12,,,Si,88.22,,,,,Impregnation,1073,0.3,0.12,2.5,1,0.35,,38,,,,,24
Mn,4.39,W,1.02,Na,4.25,,,,,,,S,2.12,,,Si,88.22,,,,,Impregnation,1073,0.41,0.1,4,1,0.35,,34,,,,,21
Mn,4.39,W,1.02,Na,4.25,,,,,,,S,2.12,,,Si,88.22,,,,,Impregnation,1073,0.46,0.09,5,1,0.35,,33,,,,,21
Mn,4.39,W,1.02,Na,4.25,,,,,,,S,2.12,,,Si,88.22,,,,,Impregnation,1073,0.51,0.08,6.3,1,0.35,,31,,,,,20
Mn,4.39,W,1.02,Na,4.25,,,,,,,S,2.12,,,Si,88.22,,,,,Impregnation,1073,0.61,0.06,10,1,0.35,,25,,,,,17
Mn,4.39,W,1.02,Na,4.25,,,,,,,S,2.12,,,Si,88.22,,,,,Impregnation,1073,0.3,0.12,2.5,1,0.27,,37,,,,,21
Mn,4.39,W,1.02,Na,4.25,,,,,,,S,2.12,,,Si,88.22,,,,,Impregnation,1073,0.33,0.1,3.3,1,0.27,,33,,,,,20
Mn,4.39,W,1.02,Na,4.25,,,,,,,S,2.12,,,Si,88.22,,,,,Impregnation,1073,0.46,0.09,5,1,0.27,,30,,,,,19
Mn,4.39,W,1.02,Na,4.25,,,,,,,S,2.12,,,Si,88.22,,,,,Impregnation,1073,0.61,0.08,7.5,1,0.27,,24,,,,,15
Mn,4.39,W,1.02,Na,4.25,,,,,,,S,2.12,,,Si,88.22,,,,,Impregnation,1073,0.61,0.06,10,1,0.27,,20,,,,,13
Mn,4.36,Na,2.04,W,1.02,,,,,,,,,,,Si,92.59,,,,,Impregnation,1023,0.44,0.11,4,1,0.02,,6.7,47.1,15.6,37.3,52.9,3.6
Mn,4.36,Na,2.04,W,1.02,,,,,,,,,,,Si,92.59,,,,,Impregnation,1023,0.44,0.11,4,1,0.02,,2,36.4,9.5,54.1,63.6,1.3
Mn,4.36,Na,2.04,W,1.02,,,,,,,,,,,Si,92.59,,,,,Impregnation,1023,0.44,0.11,4,1,0.02,,7.4,38.7,20.4,40.9,61.3,4.5
Mn,4.36,Na,2.04,W,1.02,,,,,,,,,,,Si,92.59,,,,,Impregnation,1023,0.44,0.11,4,1,0.02,,7.3,39.3,19,41.7,60.7,4.5
Mn,4.36,Na,2.04,W,1.02,,,,,,,,,,,Si,92.59,,,,,Impregnation,1023,0.44,0.11,4,1,0.02,,7.1,31.1,23.8,45.1,68.9,4.9
Mn,4.36,Na,2.04,W,1.02,,,,,,,,,,,Si,92.59,,,,,Impregnation,1023,0.44,0.11,4,1,0.02,,6.4,44.6,15.8,39.6,55.4,3.5
Mn,4.36,Na,2.04,W,1.02,,,,,,,,,,,Si,92.59,,,,,Impregnation,1023,0.44,0.11,4,1,0.02,,6.6,37.4,19,43.6,62.6,4.2
Mn,4.36,Na,2.04,W,1.02,,,,,,,,,,,Si,92.59,,,,,Impregnation,1023,0.44,0.11,4,1,0.02,,5.9,42.6,15.9,41.5,57.4,3.3
Mn,4.36,Na,2.04,W,1.02,,,,,,,,,,,Si,92.59,,,,,Impregnation,1023,0.44,0.11,4,1,0.02,,4.4,19.7,22.9,57.4,80.3,3.5
Mn,4.36,Na,2.04,W,1.02,,,,,,,,,,,Si,92.59,,,,,Impregnation,1023,0.44,0.11,4,1,0.02,,7,24.2,27.1,48.7,75.8,5.4
Mn,3.6,Na,9.1,W,4.5,,,,,,,,,,,Si,82.8,,,,,Impregnation,1050,0.88,0.12,7.5,1,0.22,,20,,46,,80,16
Mn,3.14,Na,2.07,W,1.04,,,,,,,,,,,Si,93.75,,,,,Impregnation,1123,0.2,0.05,4,2,0.11,,29.2,,,,58.6,17.1
Mn,3.14,Na,2.07,W,1.04,,,,,,,,,,,Si,93.75,,,,,Impregnation,1123,0.2,0.05,4,5,0.11,,25.8,,,,46.1,11.9
Mn,3.14,Na,2.07,W,1.04,,,,,,,,,,,Si,93.75,,,,,Impregnation,1123,0.2,0.05,4,10,0.11,,22.6,,,,23.6,5.4
Mn,3.14,Na,2.07,W,1.04,,,,,,,,,,,Si,93.75,,,,,Impregnation,1123,0.2,0.05,4,2,0.11,,34.2,,,,71.8,24.5
Mn,3.14,Na,2.07,W,1.04,,,,,,,,,,,Si,93.75,,,,,Impregnation,1123,0.2,0.05,4,5,0.11,,28.6,,,,61.4,17.5
Mn,3.14,Na,2.07,W,1.04,,,,,,,,,,,Si,93.75,,,,,Impregnation,1123,0.2,0.05,4,10,0.11,,24.8,,,,45.5,11.3
Mn,3.14,Na,2.07,W,1.04,,,,,,,,,,,Si,93.75,,,,,Impregnation,1123,0.2,0.05,4,2,0.11,,35.3,,,,74.1,26.2
Mn,3.14,Na,2.07,W,1.04,,,,,,,,,,,Si,93.75,,,,,Impregnation,1123,0.2,0.05,4,5,0.06,,31,,,,66.6,20.7
Mn,3.14,Na,2.07,W,1.04,,,,,,,,,,,Si,93.75,,,,,Impregnation,1123,0.2,0.05,4,10,0.01,,28.9,,,,64.2,18.6
Mn,3.13,Na,19.09,W,10.26,,,,,,,,,,,Si,67.52,,,,,Impregnation,1023,0.4,0.1,4,1.3,0.02,,5.4,,,,50,2.7
Mn,3.06,Na,2.61,W,1.31,,,,,,,,,,,Si,93.02,,,,,Impregnation,1073,0.76,0.19,4,1,0,,1.6,,,,62.3,1
Mn,3.06,Na,2.61,W,1.31,,,,,,,,,,,Si,93.02,,,,,Impregnation,1073,0.76,0.19,4,1,0,,2.1,,,,60.1,1.3
Mn,3.06,Na,2.61,W,1.31,,,,,,,,,,,Si,93.02,,,,,Impregnation,1073,0.76,0.19,4,1,0,,4.5,,,,63.3,2.9
Mn,3.06,Na,2.61,W,1.31,,,,,,,,,,,Si,93.02,,,,,Impregnation,1073,0.76,0.19,4,1,0,,9.9,,,,65.1,6.4
Mn,2.81,Na,16.85,W,8.43,,,,,,,,,,,Si,71.91,,,,,Impregnation,1023,0.4,0.1,4,1.3,0.02,,8.3,,,,51.2,4.3
Mn,2.39,Na,2.23,W,1.12,Ce,4.69,,,,,,,,,Si,89.57,,,,,Impregnation,1113,,,3,1,0.04,98.8,34.6,42.8,36.1,21.1,57.2,19.8
Mn,2.39,Na,2.23,W,1.12,Ce,4.69,,,,,,,,,Si,89.57,,,,,Impregnation,1113,,,4,1,0.04,99.8,25.3,27.3,47.2,25.4,72.6,18.4
Mn,2.39,Na,2.23,W,1.12,Ce,4.69,,,,,,,,,Si,89.57,,,,,Impregnation,1113,,,5,1,0.04,99.7,21.2,35,44.4,20.6,65,13.8
Mn,2.39,Na,2.23,W,1.12,Ce,4.69,,,,,,,,,Si,89.57,,,,,Impregnation,1113,,,6,1,0.04,98.9,21.7,35.9,44.2,19.8,64,13.9
Mn,2.39,Na,2.23,W,1.12,Ce,4.69,,,,,,,,,Si,89.57,,,,,Impregnation,1053,,,3,1,0.04,,3,,19.5,43.5,62.9,1.9
Mn,2.39,Na,2.23,W,1.12,Ce,4.69,,,,,,,,,Si,89.57,,,,,Impregnation,1073,,,3,1,0.04,,10.9,,29.3,40.7,69.9,7.6
Mn,2.39,Na,2.23,W,1.12,Ce,4.69,,,,,,,,,Si,89.57,,,,,Impregnation,1093,,,3,1,0.04,,21,,39.6,35.2,74.8,15.7
Mn,2.39,Na,2.23,W,1.12,Ce,4.69,,,,,,,,,Si,89.57,,,,,Impregnation,1133,,,3,1,0.04,,22.5,,45.7,23.6,69.3,15.6
Mn,2.39,Na,2.23,W,1.12,Ce,4.69,,,,,,,,,Si,89.57,,,,,Impregnation,1153,,,3,1,0.04,,21.7,,46,21.1,67.1,14.6
Mn,2.36,Na,2.21,W,1.1,Ce,3.7,,,,,,,,,Si,90.63,,,,,Impregnation,1113,,,3,1,0.04,98.4,34.1,41,37.3,21.7,59,20.1
Mn,2.36,Na,2.21,W,1.1,Ce,3.7,,,,,,,,,Si,90.63,,,,,Impregnation,1113,,,4,1,0.04,99.5,26,24.7,49.4,25.9,75.3,19.6
Mn,2.36,Na,2.21,W,1.1,Ce,3.7,,,,,,,,,Si,90.63,,,,,Impregnation,1113,,,5,1,0.04,99.9,22.6,31.6,46.7,21.6,68.3,15.4
Mn,2.36,Na,2.21,W,1.1,Ce,3.7,,,,,,,,,Si,90.63,,,,,Impregnation,1113,,,6,1,0.04,99.5,22.1,34,45.1,20.9,66,14.6
Mn,2.36,Na,2.21,W,1.1,Ce,3.7,,,,,,,,,Si,90.63,,,,,Impregnation,1053,,,3,1,0.04,,3.6,,19.3,41.6,60.9,2.2
Mn,2.36,Na,2.21,W,1.1,Ce,3.7,,,,,,,,,Si,90.63,,,,,Impregnation,1073,,,3,1,0.04,,10,,27.5,42.3,69.8,7
Mn,2.36,Na,2.21,W,1.1,Ce,3.7,,,,,,,,,Si,90.63,,,,,Impregnation,1093,,,3,1,0.04,,19.9,,44.2,34,78.3,15.5
Mn,2.36,Na,2.21,W,1.1,Ce,3.7,,,,,,,,,Si,90.63,,,,,Impregnation,1133,,,3,1,0.04,,22.5,,47.9,19.4,67.3,15.1
Mn,2.36,Na,2.21,W,1.1,Ce,3.7,,,,,,,,,Si,90.63,,,,,Impregnation,1153,,,3,1,0.04,,21.9,,45.5,20.9,66.5,14.5
Mn,2.36,Na,2.21,W,1.1,Ce,3.7,,,,,,,,,Si,90.63,,,,,Impregnation,1173,,,3,1,0.04,,22.5,,44.1,21.4,65.4,14.7
Mn,2.34,Na,2.19,W,1.1,,,,,,,,,,,Si,94.37,,,,,Impregnation,1113,,,2.6,1,0.04,100.7,14.7,31.2,37.3,33,70.3,10.7
Mn,2.32,Na,2.17,W,1.08,Ce,2.27,,,,,,,,,Si,92.16,,,,,Impregnation,1113,,,3,1,0.04,98.2,33.9,37.5,40.6,21.8,62.4,21.2
Mn,2.32,Na,2.17,W,1.08,Ce,2.27,,,,,,,,,Si,92.16,,,,,Impregnation,1113,,,4,1,0.04,99,26.2,24.7,49.9,25.3,75.2,19.7
Mn,2.32,Na,2.17,W,1.08,Ce,2.27,,,,,,,,,Si,92.16,,,,,Impregnation,1113,,,5,1,0.04,99.6,22.2,29.7,48.4,21.8,70.2,15.6
Mn,2.32,Na,2.17,W,1.08,Ce,2.27,,,,,,,,,Si,92.16,,,,,Impregnation,1113,,,6,1,0.04,99.1,22,31.8,46.3,21.9,68.2,15
Mn,2.32,Na,2.17,W,1.08,Ce,2.27,,,,,,,,,Si,92.16,,,,,Impregnation,1053,,,3,1,0.04,,2.5,,20.9,42.2,63.1,1.6
Mn,2.32,Na,2.17,W,1.08,Ce,2.27,,,,,,,,,Si,92.16,,,,,Impregnation,1073,,,3,1,0.04,,12.3,,29.8,43.4,73.1,9
Mn,2.32,Na,2.17,W,1.08,Ce,2.27,,,,,,,,,Si,92.16,,,,,Impregnation,1093,,,3,1,0.04,,22.3,,45.8,34.9,80.8,18
Mn,2.32,Na,2.17,W,1.08,Ce,2.27,,,,,,,,,Si,92.16,,,,,Impregnation,1113,,,3,1,0.04,,25.7,,50.5,24.8,75.3,19.3
Mn,2.32,Na,2.17,W,1.08,Ce,2.27,,,,,,,,,Si,92.16,,,,,Impregnation,1153,,,3,1,0.04,,22.3,,48.1,20.2,68.2,15.2
Mn,2.32,Na,2.17,W,1.08,Ce,2.27,,,,,,,,,Si,92.16,,,,,Impregnation,1173,,,3,1,0.04,,23.2,,45.8,21,66.8,15.5
Mn,2.28,Na,2.13,W,1.07,Ce,1.12,,,,,,,,,Si,93.4,,,,,Impregnation,1113,,,3,1,0.04,98.8,33.8,39.4,38.6,22,60.6,20.5
Mn,2.28,Na,2.13,W,1.07,Ce,1.12,,,,,,,,,Si,93.4,,,,,Impregnation,1113,,,4,1,0.04,98.9,25.1,27.2,48.9,23.9,72.8,18.3
Mn,2.28,Na,2.13,W,1.07,Ce,1.12,,,,,,,,,Si,93.4,,,,,Impregnation,1113,,,5,1,0.04,99.7,21.6,33.1,45.4,21.4,66.8,14.4
Mn,2.28,Na,2.13,W,1.07,Ce,1.12,,,,,,,,,Si,93.4,,,,,Impregnation,1113,,,6,1,0.04,99.3,22.5,34.4,45,20.6,65.6,14.8
Mn,2.28,Na,2.13,W,1.07,Ce,1.12,,,,,,,,,Si,93.4,,,,,Impregnation,1053,,,3,1,0.04,,2.8,,20.3,42.5,62.7,1.8
Mn,2.28,Na,2.13,W,1.07,Ce,1.12,,,,,,,,,Si,93.4,,,,,Impregnation,1073,,,3,1,0.04,,12.2,,29.1,44.1,73.2,8.9
Mn,2.28,Na,2.13,W,1.07,Ce,1.12,,,,,,,,,Si,93.4,,,,,Impregnation,1093,,,3,1,0.04,,21.5,,44.9,33.4,78.3,16.8
Mn,2.28,Na,2.13,W,1.07,Ce,1.12,,,,,,,,,Si,93.4,,,,,Impregnation,1133,,,3,1,0.04,,22.3,,48.4,16.5,64.9,14.5
Mn,2.28,Na,2.13,W,1.07,Ce,1.12,,,,,,,,,Si,93.4,,,,,Impregnation,1153,,,3,1,0.04,,22.1,,46.8,18.2,65,14.4
Mn,2.28,Na,2.13,W,1.07,Ce,1.12,,,,,,,,,Si,93.4,,,,,Impregnation,1173,,,3,1,0.04,,23,,44.6,20.4,65,14.9
Mn,2.26,Na,2.12,W,1.06,Ce,0.44,,,,,,,,,Si,94.12,,,,,Impregnation,1113,,,3,1,0.04,96.1,32.1,41.5,37.4,21,58.4,18.7
Mn,2.26,Na,2.12,W,1.06,Ce,0.44,,,,,,,,,Si,94.12,,,,,Impregnation,1113,,,4,1,0.04,97.7,23.9,29.9,48.3,21.7,70,16.7
Mn,2.26,Na,2.12,W,1.06,Ce,0.44,,,,,,,,,Si,94.12,,,,,Impregnation,1113,,,5,1,0.04,98.8,20.9,34.9,44.5,20.5,65,13.6
Mn,2.26,Na,2.12,W,1.06,Ce,0.44,,,,,,,,,Si,94.12,,,,,Impregnation,1113,,,6,1,0.04,99.4,21.8,35.9,45.2,18.9,64.1,14
Mn,2.26,Na,2.12,W,1.06,Ce,0.44,,,,,,,,,Si,94.12,,,,,Impregnation,1053,,,3,1,0.04,,2.6,,18.2,42.8,60.9,1.6
Mn,2.26,Na,2.12,W,1.06,Ce,0.44,,,,,,,,,Si,94.12,,,,,Impregnation,1073,,,3,1,0.04,,10.7,,28.8,42.7,71.5,7.6
Mn,2.26,Na,2.12,W,1.06,Ce,0.44,,,,,,,,,Si,94.12,,,,,Impregnation,1093,,,3,1,0.04,,20.7,,43.1,34.3,77.4,16
Mn,2.26,Na,2.12,W,1.06,Ce,0.44,,,,,,,,,Si,94.12,,,,,Impregnation,1133,,,3,1,0.04,,21.6,,48.6,19.3,67.9,14.7
Mn,2.26,Na,2.12,W,1.06,Ce,0.44,,,,,,,,,Si,94.12,,,,,Impregnation,1153,,,3,1,0.04,,20.6,,46.3,20,66.4,13.7
Mn,2.26,Na,2.12,W,1.06,Ce,0.44,,,,,,,,,Si,94.12,,,,,Impregnation,1173,,,3,1,0.04,,21.9,,45.4,16.8,62.2,13.6
Mn,2.26,Na,2.11,W,1.05,Ce,0.22,,,,,,,,,Si,94.36,,,,,Impregnation,1113,,,3,1,0.04,95,30.3,44.8,36.1,19,55.1,16.7
Mn,2.26,Na,2.11,W,1.05,Ce,0.22,,,,,,,,,Si,94.36,,,,,Impregnation,1113,,,4,1,0.04,97.6,22.6,32,47.2,20.7,67.9,15.3
Mn,2.26,Na,2.11,W,1.05,Ce,0.22,,,,,,,,,Si,94.36,,,,,Impregnation,1113,,,5,1,0.04,97.4,20.6,36,43.5,20.5,64,13.2
Mn,2.26,Na,2.11,W,1.05,Ce,0.22,,,,,,,,,Si,94.36,,,,,Impregnation,1113,,,6,1,0.04,99.3,20.3,37.4,43.6,18.7,62.3,12.6
Mn,2.26,Na,2.11,W,1.05,Ce,0.22,,,,,,,,,Si,94.36,,,,,Impregnation,1053,,,3,1,0.04,,2.3,,17.4,44.3,61.7,1.4
Mn,2.26,Na,2.11,W,1.05,Ce,0.22,,,,,,,,,Si,94.36,,,,,Impregnation,1073,,,3,1,0.04,,9.3,,28.2,42,70.1,6.5
Mn,2.26,Na,2.11,W,1.05,Ce,0.22,,,,,,,,,Si,94.36,,,,,Impregnation,1093,,,3,1,0.04,,18.7,,43.4,30.9,74.3,13.9
Mn,2.26,Na,2.11,W,1.05,Ce,0.22,,,,,,,,,Si,94.36,,,,,Impregnation,1133,,,3,1,0.04,,20.6,,47.6,19.6,67.2,13.8
Mn,2.26,Na,2.11,W,1.05,Ce,0.22,,,,,,,,,Si,94.36,,,,,Impregnation,1153,,,3,1,0.04,,20.5,,45,21.1,66.1,13.5
Mn,2.26,Na,2.11,W,1.05,Ce,0.22,,,,,,,,,Si,94.36,,,,,Impregnation,1173,,,3,1,0.04,,21.1,,43.3,17.8,61,12.9
Mn,2.25,Na,2.1,W,1.05,,,,,,,,,,,Si,94.6,,,,,Impregnation,1113,,,3,1,0.04,88,26.6,48.1,35.6,16.3,51.9,13.8
Mn,2.25,Na,2.1,W,1.05,,,,,,,,,,,Si,94.6,,,,,Impregnation,1113,,,4,1,0.04,96.2,22.3,34,46.5,19.3,65.8,14.7
Mn,2.25,Na,2.1,W,1.05,,,,,,,,,,,Si,94.6,,,,,Impregnation,1113,,,5,1,0.04,96.4,20,36.8,44.1,19,63.1,12.6
Mn,2.25,Na,2.1,W,1.05,,,,,,,,,,,Si,94.6,,,,,Impregnation,1113,,,6,1,0.04,98.4,19.4,38.5,43,18.3,61.3,11.9
Mn,2.25,Na,2.1,W,1.05,,,,,,,,,,,Si,94.6,,,,,Impregnation,1053,,,3,1,0.04,,0.9,,17.2,43.2,60.4,0.6
Mn,2.25,Na,2.1,W,1.05,,,,,,,,,,,Si,94.6,,,,,Impregnation,1073,,,3,1,0.04,,7,,24.8,43.9,68.7,4.8
Mn,2.25,Na,2.1,W,1.05,,,,,,,,,,,Si,94.6,,,,,Impregnation,1093,,,3,1,0.04,,18.8,,44.2,28.1,72.4,13.6
Mn,2.25,Na,2.1,W,1.05,,,,,,,,,,,Si,94.6,,,,,Impregnation,1133,,,3,1,0.04,,20.1,,47.8,18.9,66.7,13.4
Mn,2.25,Na,2.1,W,1.05,,,,,,,,,,,Si,94.6,,,,,Impregnation,1153,,,3,1,0.04,,19.9,,46.6,16.7,63.4,12.6
Mn,2.25,Na,2.1,W,1.05,,,,,,,,,,,Si,94.6,,,,,Impregnation,1173,,,3,1,0.04,,20.5,,44.6,15.2,59.7,12.2
Mn,2.23,Na,2.08,W,1.04,,,,,,,,,,,Si,94.65,,,,,Impregnation,1048,0.8,0.2,4,1,0.05,,24,39.5,33.5,27,60.5,14.5
Mn,2.23,Na,2.08,W,1.04,,,,,,,,,,,Si,94.65,,,,,Impregnation,1048,0.8,0.2,4,1,0.04,,9.2,27,28,45,73,6.7
Mn,2.23,Na,2.08,W,1.04,,,,,,,,,,,Si,94.65,,,,,Impregnation,1048,0.8,0.2,4,1,0.04,,10.9,25.9,26.2,47.9,74.1,8.1
Mn,2.23,Na,2.08,W,1.04,,,,,,,,,,,Si,94.65,,,,,Impregnation,1048,0.8,0.2,4,1,0.04,,7.2,24.5,27.6,47.9,75.5,5.4
Mn,2.23,Na,2.08,W,1.04,,,,,,,,,,,Si,94.65,,,,,Impregnation,1073,,,3,1,0,100,29,37,,,63,18.3
Mn,2.23,Na,2.08,W,1.04,,,,,,,,,,,Si,94.65,,,,,Impregnation,1073,,,3,1,0,100,18,19,,,81,14.6
Mn,2.23,Na,2.08,W,1.04,,,,,,,,,,,Si,94.65,,,,,Impregnation,1048,,,3,1,0,,29,26,,,74,21.5
Mn,2.23,Na,2.08,W,1.04,,,,,,,,,,,Si,94.65,,,,,Impregnation,1023,,,3,1,0,,18,11,,,89,16
Mn,2.23,Na,2.08,W,1.04,,,,,,,,,,,Si,94.65,,,,,Impregnation,1048,,,3,1,0,,21,13,,,87,18.3
Mn,2.23,Na,2.08,W,1.04,,,,,,,,,,,Si,94.65,,,,,Impregnation,1023,,,3,1,0,,19,13,,,87,16.5
Mn,2.23,Na,2.08,W,1.04,,,,,,,,,,,Si,94.65,,,,,Impregnation,723,0.57,0.14,4,1,0.01,,0,,,,0,0
Mn,2.23,Na,2.08,W,1.04,,,,,,,,,,,Si,94.65,,,,,Impregnation,748,0.57,0.14,4,1,0.01,,0,,,,0,0
Mn,2.23,Na,2.08,W,1.04,,,,,,,,,,,Si,94.65,,,,,Impregnation,773,0.57,0.14,4,1,0.01,,0,,,,0,0
Mn,2.23,Na,2.08,W,1.04,,,,,,,,,,,Si,94.65,,,,,Impregnation,798,0.57,0.14,4,1,0.01,,0,,,,0,0
Mn,2.23,Na,2.08,W,1.04,,,,,,,,,,,Si,94.65,,,,,Impregnation,823,0.57,0.14,4,1,0.01,,0,,,,0,0
Mn,2.23,Na,2.08,W,1.04,,,,,,,,,,,Si,94.65,,,,,Impregnation,848,0.57,0.14,4,1,0.01,,0,,,,0,0
Mn,2.23,Na,2.08,W,1.04,,,,,,,,,,,Si,94.65,,,,,Impregnation,873,0.57,0.14,4,1,0.01,,0,,,,0,0
Mn,2.23,Na,2.08,W,1.04,,,,,,,,,,,Si,94.65,,,,,Impregnation,898,0.57,0.14,4,1,0.01,,0,,,,0,0
Mn,2.23,Na,2.08,W,1.04,,,,,,,,,,,Si,94.65,,,,,Impregnation,923,0.57,0.14,4,1,0.01,,0,,,,0,0
Mn,2.23,Na,2.08,W,1.04,,,,,,,,,,,Si,94.65,,,,,Impregnation,948,0.57,0.14,4,1,0.01,,1.5,,,,10.6,0.2
Mn,2.23,Na,2.08,W,1.04,,,,,,,,,,,Si,94.65,,,,,Impregnation,973,0.57,0.14,4,1,0.01,,3.2,,,,15.4,0.5
Mn,2.23,Na,2.08,W,1.04,,,,,,,,,,,Si,94.65,,,,,Impregnation,998,0.57,0.14,4,1,0.01,,7.6,,,,25.3,1.9
Mn,2.23,Na,2.08,W,1.04,,,,,,,,,,,Si,94.65,,,,,Impregnation,1023,0.57,0.14,4,1,0.01,,17.9,,,,34.6,6.2
Mn,2.23,Na,2.08,W,1.04,,,,,,,,,,,Si,94.65,,,,,Impregnation,1048,0.57,0.14,4,1,0.01,,35.8,,,,34.5,12.3
Mn,2.23,Na,2.08,W,1.04,,,,,,,,,,,Si,94.65,,,,,Impregnation,1073,0.57,0.14,4,1,0.01,,42.4,,,,31.2,13.2
Mn,2.23,Na,2.08,W,1.04,,,,,,,,,,,Si,94.65,,,,,Impregnation,1073,0.5,0.25,2,1,0.36,99.9,45.4,,,,41.1,19.5
Mn,2.23,Na,2.08,W,1.04,,,,,,,,,,,Si,94.65,,,,,Impregnation,823,0.4,0.1,4,1,0.07,,0.3,,,,1,0.1
Mn,2.23,Na,2.08,W,1.04,,,,,,,,,,,Si,94.65,,,,,Impregnation,873,0.4,0.1,4,1,0.07,,0.4,,,,2,0.3
Mn,2.23,Na,2.08,W,1.04,,,,,,,,,,,Si,94.65,,,,,Impregnation,923,0.4,0.1,4,1,0.07,,0.6,,,,15.3,0.4
Mn,2.23,Na,2.08,W,1.04,,,,,,,,,,,Si,94.65,,,,,Impregnation,973,0.4,0.1,4,1,0.07,,6.8,,,,43,2.7
Mn,2.23,Na,2.08,W,1.04,,,,,,,,,,,Si,94.65,,,,,Impregnation,1023,0.4,0.1,4,1,0.07,,26.8,,,,61.5,16.2
Mn,2.23,Na,2.08,W,1.04,,,,,,,,,,,Si,94.65,,,,,Impregnation,1073,0.4,0.1,4,1,0.07,,35,,,,67.2,23.2
Mn,2.23,Na,2.08,W,1.04,,,,,,,,,,,Si,94.65,,,,,Impregnation,1023,0.6,0.2,3,1,0.36,,32.4,,,,61.9,20
Mn,2.23,Na,2.08,W,1.04,,,,,,,,,,,Si,94.65,,,,,Impregnation,1073,0.6,0.2,3,1,0.36,,32.4,,,,60.2,19.5
Mn,2.23,Na,2.08,W,1.04,,,,,,,,,,,Si,94.65,,,,,Impregnation,1123,0.6,0.2,3,1,0.36,,31.7,,,,54.6,17.3
Mn,2.23,Na,2.08,W,1.04,,,,,,,,,,,Si,94.65,,,,,Impregnation,1043,0.4,0.1,4,1.2,0.13,57.7,17.6,,,,70.4,12.4
Mn,2.23,Na,2.08,W,1.04,Nb,0.01,,,,,,,,,Si,94.64,,,,,Impregnation,1043,0.4,0.1,4,1.2,0.13,74.5,22.3,,,,68.2,15.2
Mn,2.23,Na,2.08,W,1.04,Ti,0.01,,,,,,,,,Si,94.64,,,,,Impregnation,1043,0.4,0.1,4,1.2,0.13,53.8,15.9,,,,70.4,11.2
Mn,2.23,Na,2.08,W,1.04,Sn,0.01,,,,,,,,,Si,94.64,,,,,Impregnation,1043,0.4,0.1,4,1.2,0.13,40.4,10.8,,,,69.5,7.5
Mn,2.23,Na,2.08,W,1.04,Ce,0.01,,,,,,,,,Si,94.64,,,,,Impregnation,1043,0.4,0.1,4,1.2,0.13,75.7,19,,,,66.7,12.7
Mn,2.23,Na,2.08,W,1.04,Fe,0.01,,,,,,,,,Si,94.64,,,,,Impregnation,1043,0.4,0.1,4,1.2,0.13,95.8,24.1,,,,65.5,15.8
Mn,2.23,Na,2.08,W,1.04,Ge,0.01,,,,,,,,,Si,94.64,,,,,Impregnation,1043,0.4,0.1,4,1.2,0.13,82.7,23.2,,,,70.7,16.4
Mn,2.2,Na,2.1,W,1,,,,,,,,,,,Si,94.7,,,,,Impregnation,1023,0.22,0.03,7.4,1,0.02,,2.7,,,,78,2.1
Mn,2.16,Na,2.15,W,1.07,,,,,,,,,,,Si,94.62,,,,,Impregnation,1073,0.5,0.1,5,1,0.17,,25.7,,,,76.2,19.6
Mn,2.16,Na,2.15,W,1.07,,,,,,,,,,,Si,94.62,,,,,Impregnation,1053,0.5,0.1,5,1,0.17,,20.3,,,,67.6,13.7
Mn,2.16,Na,2.15,W,1.07,,,,,,,,,,,Si,94.62,,,,,Impregnation,1033,0.5,0.1,5,1,0.17,,14,,,,38.2,5.3
Mn,2.16,Na,2.15,W,1.07,,,,,,,,,,,Si,94.62,,,,,Impregnation,1013,0.5,0.1,5,1,0.17,,9,,,,12.2,1.1
Mn,2.16,Na,2.15,W,1.07,,,,,,,,,,,Si,94.62,,,,,Impregnation,993,0.5,0.1,5,1,0.17,,7.1,,,,8.9,0.6
Mn,2.14,Na,2.1,W,1.05,,,,,,,,,,,Si,94.71,,,,,Impregnation,973,,,7.4,1,0.37,33.5,3,67.7,11.1,21.2,32.3,1
Mn,2.14,Na,2.1,W,1.05,,,,,,,,,,,Si,94.71,,,,,Impregnation,1023,,,7.4,1,0.37,66.4,7.9,44.1,33.1,22.8,55.9,4.4
Mn,2.14,Na,2.1,W,1.05,,,,,,,,,,,Si,94.71,,,,,Impregnation,1073,,,7.4,1,0.37,91.2,12.2,36.5,46.1,17.4,63.5,7.7
Mn,2.13,Na,2.11,W,1.06,,,,,,,,,,,Si,92.39,Ti,2.31,,,Impregnation,1073,0.5,0.1,5,1,0.18,,27.3,,,,80,21.9
Mn,2.13,Na,2.11,W,1.06,,,,,,,,,,,Si,92.39,Ti,2.31,,,Impregnation,1053,0.5,0.1,5,1,0.18,,26.8,,,,75.2,20.2
Mn,2.13,Na,2.11,W,1.06,,,,,,,,,,,Si,92.39,Ti,2.31,,,Impregnation,1033,0.5,0.1,5,1,0.18,,24.9,,,,73.4,18.3
Mn,2.13,Na,2.11,W,1.06,,,,,,,,,,,Si,92.39,Ti,2.31,,,Impregnation,1013,0.5,0.1,5,1,0.18,,22.8,,,,68.7,15.7
Mn,2.13,Na,2.11,W,1.06,,,,,,,,,,,Si,92.39,Ti,2.31,,,Impregnation,993,0.5,0.1,5,1,0.18,,21.6,,,,64.9,14
Mn,2.13,Na,2.11,W,1.06,,,,,,,,,,,Si,92.43,Ti,2.37,,,Impregnation,1073,0.5,0.1,5,1,0.18,,28.6,,,,81.5,23.3
Mn,2.13,Na,2.11,W,1.06,,,,,,,,,,,Si,92.43,Ti,2.37,,,Impregnation,1053,0.5,0.1,5,1,0.18,,27,,,,79.5,21.5
Mn,2.13,Na,2.11,W,1.06,,,,,,,,,,,Si,92.43,Ti,2.37,,,Impregnation,1033,0.5,0.1,5,1,0.18,,27.3,,,,80,21.8
Mn,2.13,Na,2.11,W,1.06,,,,,,,,,,,Si,92.43,Ti,2.37,,,Impregnation,1013,0.5,0.1,5,1,0.18,,26,,,,76.2,19.8
Mn,2.13,Na,2.11,W,1.06,,,,,,,,,,,Si,92.43,Ti,2.37,,,Impregnation,993,0.5,0.1,5,1,0.18,,25.8,,,,76,19.6
Mn,2.13,Na,2.11,W,1.06,,,,,,,,,,,Si,94.09,Ti,0.64,,,Impregnation,993,0.5,0.1,5,1,0.17,,18.7,,,,51.4,9.6
Mn,2.13,Na,2.11,W,1.06,,,,,,,,,,,Si,94.01,Ti,0.71,,,Impregnation,993,0.5,0.1,5,1,0.17,,23.1,,,,59.7,13.8
Mn,2.13,Na,2.11,W,1.06,,,,,,,,,,,Si,93.8,Ti,0.93,,,Impregnation,993,0.5,0.1,5,1,0.17,,28.1,,,,65.2,18.3
Mn,2.13,Na,2.11,W,1.06,,,,,,,,,,,Si,93.58,Ti,1.14,,,Impregnation,993,0.5,0.1,5,1,0.17,,31.2,,,,68.9,21.5
Mn,2.13,Na,2.11,W,1.06,,,,,,,,,,,Si,93.28,Ti,1.43,,,Impregnation,993,0.5,0.1,5,1,0.16,,34.4,,,,71.2,24.5
Mn,2.12,Na,2.09,W,1.05,Ag,0.57,,,,,,,,,Si,94.17,,,,,Impregnation,923,0.87,0.12,7.4,1,0.07,24.7,3.6,,0,52.6,50.7,1.8
Mn,2.12,Na,2.09,W,1.05,Ag,0.57,,,,,,,,,Si,94.17,,,,,Impregnation,973,0.87,0.12,7.4,1,0.07,34.5,5.8,,6.8,58.3,65.1,3.8
Mn,2.12,Na,2.09,W,1.05,Ag,0.57,,,,,,,,,Si,94.17,,,,,Impregnation,998,0.87,0.12,7.4,1,0.07,97.6,18.1,,37.7,36.6,74.3,13.5
Mn,2.12,Na,2.09,W,1.05,Ag,0.57,,,,,,,,,Si,94.17,,,,,Impregnation,1013,0.87,0.12,7.4,1,0.07,100,18.9,,48.7,26.9,75.6,14.3
Mn,2.12,Na,2.09,W,1.05,Ag,0.57,,,,,,,,,Si,94.17,,,,,Impregnation,1073,0.87,0.12,7.4,1,0.07,99.5,18.9,,54.8,21.7,76.5,14.5
Mn,2.11,Na,2.08,W,1.04,,,,,,,,,,,Si,94.76,,,,,Impregnation,923,0.87,0.12,7.4,1,0.07,15.1,1.2,,14.7,9.1,23.8,0.3
Mn,2.11,Na,2.08,W,1.04,,,,,,,,,,,Si,94.76,,,,,Impregnation,948,0.87,0.12,7.4,1,0.07,40.1,5.7,,11.6,40.6,52.2,3
Mn,2.11,Na,2.08,W,1.04,,,,,,,,,,,Si,94.76,,,,,Impregnation,998,0.87,0.12,7.4,1,0.07,67.1,11.4,,37.5,31.6,69,7.9
Mn,2.11,Na,2.08,W,1.04,,,,,,,,,,,Si,94.76,,,,,Impregnation,1048,0.87,0.12,7.4,1,0.07,100,17.7,,50.9,24,74.9,13.2
Mn,2.11,Na,2.08,W,1.04,,,,,,,,,,,Si,94.76,,,,,Impregnation,1073,0.87,0.12,7.4,1,0.07,99.5,18.7,,56.9,17.6,74.5,13.9
Mn,2.1,Na,2.1,W,1,,,,,,,,,,,Si,94.8,,,,,Impregnation,1123,0.16,0.04,4.6,1,1.33,,33,,,,80,26.4
Mn,1.8,Na,9.1,W,4.8,Mg,84.3,,,,,,,,,,,,,,,Impregnation,1073,0.88,0.12,7.3,1,0.52,,20,,,,80,16
Mn,1.56,Na,2.1,W,1.05,,,,,,,,,,,Si,95.3,,,,,Impregnation,1073,0.61,0.15,4,1,0,,25.2,,27.1,46.2,73.3,18.5
Mn,1.56,Na,2.1,W,1.05,,,,,,,,,,,Si,95.3,,,,,Impregnation,1073,0.75,0.25,3,1,0.05,,28.7,,50,17,67,19.2
Mn,1.56,Na,2.1,W,1.05,,,,,,,,,,,Si,95.3,,,,,Impregnation,1073,0.6,0.2,3,1,0.05,,29.5,,48.5,16.5,65,19.2
Mn,1.56,Na,2.1,W,1.05,,,,,,,,,,,Si,95.3,,,,,Impregnation,1073,0.5,0.17,3,1,0.05,,25.5,,46.1,16.3,62.4,15.9
Mn,1.56,Na,2.1,W,1.05,,,,,,,,,,,Si,95.3,,,,,Impregnation,1073,0.43,0.14,3,1,0.05,,9.7,,44.7,14.5,59.2,5.7
Mn,1.56,Na,2.1,W,1.05,,,,,,,,,,,Si,95.3,,,,,Impregnation,1073,0.38,0.13,3,1,0.05,,2.5,,28.9,6.7,35.6,0.9
Mn,1.56,Na,2.1,W,1.05,,,,,,,,,,,Si,95.3,,,,,Impregnation,1023,0.4,0.07,6,1,0.01,,15.8,42.4,,,57.6,9.1
Mn,1.56,Na,2.1,W,1.05,,,,,,,,,,,Si,95.3,,,,,Impregnation,1048,0.4,0.07,6,1,0.01,,17.8,36.5,,,63.5,11.3
Mn,1.56,Na,2.1,W,1.05,,,,,,,,,,,Si,95.3,,,,,Impregnation,1073,0.4,0.07,6,1,0.01,,18.5,29.9,,,70.1,12.9
Mn,1.56,Na,2.1,W,1.05,,,,,,,,,,,Si,95.3,,,,,Impregnation,1073,0.4,0.04,9,1,0.01,,11.9,29.1,,,70.9,8.5
Mn,1.56,Na,2.1,W,1.05,,,,,,,,,,,Si,95.3,,,,,Impregnation,1073,0.4,0.03,12,1,0.01,,11.9,30.3,,,69.7,8.3
Mn,1.56,Na,2.1,W,1.05,,,,,,,,,,,Si,95.3,,,,,Impregnation,1073,0.4,0.03,15,1,0.01,,8.2,20.1,,,79.9,6.5
Mn,1.56,Na,2.1,W,1.05,,,,,,,,,,,Si,95.3,,,,,Impregnation,1073,0.4,0.02,18,1,0.01,,6.9,18.6,,,81.4,5.6
Mn,1.56,Na,2.1,W,1.05,,,,,,,,,,,Si,95.3,,,,,Impregnation,1073,0.4,0.02,21,1,0.01,,6.2,18.4,,,81.6,5.1
Mn,1.5,Na,1.4,W,0.7,Mg,96.4,,,,,,,,,,,,,,,Impregnation,1023,0.22,0.03,7.4,1,0.02,,3,,,,88,2.6
Mn,1.45,Na,10.72,W,3.77,,,,,,,,,,,Si,84.06,,,,,Impregnation,1023,0.4,0.1,4,1.3,0.02,,11.9,,,,49.8,5.9
Mn,1.15,Na,14.99,W,4.03,,,,,,,,,,,Si,79.83,,,,,Impregnation,1023,0.4,0.1,4,1.3,0.02,,16.5,,,,52.8,8.7
Mn,1.06,Na,1.43,W,0.71,,,,,,,,,,,Mg,96.8,,,,,Impregnation,1073,0.61,0.15,4,1,0.17,,5,,46.4,18.5,64.9,3.2
Mn,1.03,Na,2.77,W,1.39,,,,,,,,,,,Ti,94.81,,,,,Impregnation,1023,0.4,0.1,4,1,0.01,26.9,6.8,,12.7,30.1,42.8,2.9
Mn,1,Na,9.1,W,4.5,,,,,,,,,,,Si,85.4,,,,,Impregnation,1048,0.88,0.12,7.3,1,0.22,,24,,,,77,18.5
Mn,0.77,Na,2.17,W,1.09,Ce,2.28,,,,,,,,,Si,93.69,,,,,Impregnation,943,0.87,0.12,7.4,1,0.06,12.9,1.3,,,,2.1,0
Mn,0.77,Na,2.17,W,1.09,Ce,2.28,,,,,,,,,Si,93.69,,,,,Impregnation,973,0.87,0.12,7.4,1,0.06,19,2.6,,,,48.7,1.3
Mn,0.77,Na,2.17,W,1.09,Ce,2.28,,,,,,,,,Si,93.69,,,,,Impregnation,998,0.87,0.12,7.4,1,0.06,28.3,5.4,,,,76.4,4.2
Mn,0.77,Na,2.17,W,1.09,Ce,2.28,,,,,,,,,Si,93.69,,,,,Impregnation,1023,0.87,0.12,7.4,1,0.06,53.2,11.6,,,,95.6,11.1
Mn,0.77,Na,2.17,W,1.09,Ce,2.28,,,,,,,,,Si,93.69,,,,,Impregnation,1048,0.87,0.12,7.4,1,0.06,98.7,21.1,,,,97.4,20.5
Mn,0.77,Na,2.17,W,1.09,Ce,2.28,,,,,,,,,Si,93.69,,,,,Impregnation,1073,0.87,0.12,7.4,1,0.06,99.5,21.1,,,,95.9,20.2
Mn,0.77,Na,0.72,W,0.36,,,,,,,,,,,Si,49.07,C,49.07,,,Impregnation,723,0.57,0.14,4,1,0.01,,0,,,,0,0
Mn,0.77,Na,0.72,W,0.36,,,,,,,,,,,Si,49.07,C,49.07,,,Impregnation,748,0.57,0.14,4,1,0.01,,0,,,,0,0
Mn,0.77,Na,0.72,W,0.36,,,,,,,,,,,Si,49.07,C,49.07,,,Impregnation,773,0.57,0.14,4,1,0.01,,0,,,,0,0
Mn,0.77,Na,0.72,W,0.36,,,,,,,,,,,Si,49.07,C,49.07,,,Impregnation,798,0.57,0.14,4,1,0.01,,0,,,,0,0
Mn,0.77,Na,0.72,W,0.36,,,,,,,,,,,Si,49.07,C,49.07,,,Impregnation,823,0.57,0.14,4,1,0.01,,0,,,,0,0
Mn,0.77,Na,0.72,W,0.36,,,,,,,,,,,Si,49.07,C,49.07,,,Impregnation,848,0.57,0.14,4,1,0.01,,0,,,,0,0
Mn,0.77,Na,0.72,W,0.36,,,,,,,,,,,Si,49.07,C,49.07,,,Impregnation,873,0.57,0.14,4,1,0.01,,0,,,,0,0
Mn,0.77,Na,0.72,W,0.36,,,,,,,,,,,Si,49.07,C,49.07,,,Impregnation,898,0.57,0.14,4,1,0.01,,0,,,,0,0
Mn,0.77,Na,0.72,W,0.36,,,,,,,,,,,Si,49.07,C,49.07,,,Impregnation,923,0.57,0.14,4,1,0.01,,0,,,,0,0
Mn,0.77,Na,0.72,W,0.36,,,,,,,,,,,Si,49.07,C,49.07,,,Impregnation,948,0.57,0.14,4,1,0.01,,1.1,,,,16.2,0.2
Mn,0.77,Na,0.72,W,0.36,,,,,,,,,,,Si,49.07,C,49.07,,,Impregnation,973,0.57,0.14,4,1,0.01,,2.8,,,,21.8,0.6
Mn,0.77,Na,0.72,W,0.36,,,,,,,,,,,Si,49.07,C,49.07,,,Impregnation,998,0.57,0.14,4,1,0.01,,5,,,,35.7,1.8
Mn,0.77,Na,0.72,W,0.36,,,,,,,,,,,Si,49.07,C,49.07,,,Impregnation,1023,0.57,0.14,4,1,0.01,,12.2,,,,29.8,3.6
Mn,0.77,Na,0.72,W,0.36,,,,,,,,,,,Si,49.07,C,49.07,,,Impregnation,1048,0.57,0.14,4,1,0.01,,23.9,,,,27.8,6.7
Mn,0.77,Na,0.72,W,0.36,,,,,,,,,,,Si,49.07,C,49.07,,,Impregnation,1073,0.57,0.14,4,1,0.01,,35.3,,,,23.2,8.2
Mn,0.77,Na,0.72,W,0.36,,,,,,,,,,,Si,49.07,C,49.07,,,Impregnation,723,0.57,0.14,4,1,0.01,,0.1,,,,100,0.1
Mn,0.77,Na,0.72,W,0.36,,,,,,,,,,,Si,49.07,C,49.07,,,Impregnation,748,0.57,0.14,4,1,0.01,,0,,,,0,0
Mn,0.77,Na,0.72,W,0.36,,,,,,,,,,,Si,49.07,C,49.07,,,Impregnation,773,0.57,0.14,4,1,0.01,,0,,,,0,0
Mn,0.77,Na,0.72,W,0.36,,,,,,,,,,,Si,49.07,C,49.07,,,Impregnation,798,0.57,0.14,4,1,0.01,,0,,,,0,0
Mn,0.77,Na,0.72,W,0.36,,,,,,,,,,,Si,49.07,C,49.07,,,Impregnation,823,0.57,0.14,4,1,0.01,,0,,,,0,0
Mn,0.77,Na,0.72,W,0.36,,,,,,,,,,,Si,49.07,C,49.07,,,Impregnation,848,0.57,0.14,4,1,0.01,,0,,,,0,0
Mn,0.77,Na,0.72,W,0.36,,,,,,,,,,,Si,49.07,C,49.07,,,Impregnation,873,0.57,0.14,4,1,0.01,,0,,,,0,0
Mn,0.77,Na,0.72,W,0.36,,,,,,,,,,,Si,49.07,C,49.07,,,Impregnation,898,0.57,0.14,4,1,0.01,,0,,,,0,0
Mn,0.77,Na,0.72,W,0.36,,,,,,,,,,,Si,49.07,C,49.07,,,Impregnation,923,0.57,0.14,4,1,0.01,,0,,,,0,0
Mn,0.77,Na,0.72,W,0.36,,,,,,,,,,,Si,49.07,C,49.07,,,Impregnation,948,0.57,0.14,4,1,0.01,,0.6,,,,30,0.2
Mn,0.77,Na,0.72,W,0.36,,,,,,,,,,,Si,49.07,C,49.07,,,Impregnation,973,0.57,0.14,4,1,0.01,,1.9,,,,32.7,0.6
Mn,0.77,Na,0.72,W,0.36,,,,,,,,,,,Si,49.07,C,49.07,,,Impregnation,998,0.57,0.14,4,1,0.01,,3.9,,,,45.3,1.7
Mn,0.77,Na,0.72,W,0.36,,,,,,,,,,,Si,49.07,C,49.07,,,Impregnation,1023,0.57,0.14,4,1,0.01,,9.3,,,,39.4,3.7
Mn,0.77,Na,0.72,W,0.36,,,,,,,,,,,Si,49.07,C,49.07,,,Impregnation,1048,0.57,0.14,4,1,0.01,,16.9,,,,38.5,6.5
Mn,0.77,Na,0.72,W,0.36,,,,,,,,,,,Si,49.07,C,49.07,,,Impregnation,1073,0.57,0.14,4,1,0.01,,29.8,,,,31.5,9.4
Mn,0.77,Na,0.72,W,0.36,,,,,,,,,,,Si,49.07,C,49.07,,,Impregnation,723,0.57,0.14,4,1,0.01,,0,,,,0,0
Mn,0.77,Na,0.72,W,0.36,,,,,,,,,,,Si,49.07,C,49.07,,,Impregnation,748,0.57,0.14,4,1,0.01,,0,,,,0,0.1
Mn,0.77,Na,0.72,W,0.36,,,,,,,,,,,Si,49.07,C,49.07,,,Impregnation,773,0.57,0.14,4,1,0.01,,0,,,,0,0.1
Mn,0.77,Na,0.72,W,0.36,,,,,,,,,,,Si,49.07,C,49.07,,,Impregnation,798,0.57,0.14,4,1,0.01,,0,,,,0,0.1
Mn,0.77,Na,0.72,W,0.36,,,,,,,,,,,Si,49.07,C,49.07,,,Impregnation,823,0.57,0.14,4,1,0.01,,0,,,,0,0
Mn,0.77,Na,0.72,W,0.36,,,,,,,,,,,Si,49.07,C,49.07,,,Impregnation,848,0.57,0.14,4,1,0.01,,0,,,,0,0
Mn,0.77,Na,0.72,W,0.36,,,,,,,,,,,Si,49.07,C,49.07,,,Impregnation,873,0.57,0.14,4,1,0.01,,0,,,,0,0.1
Mn,0.77,Na,0.72,W,0.36,,,,,,,,,,,Si,49.07,C,49.07,,,Impregnation,898,0.57,0.14,4,1,0.01,,0,,,,0,0.1
Mn,0.77,Na,0.72,W,0.36,,,,,,,,,,,Si,49.07,C,49.07,,,Impregnation,923,0.57,0.14,4,1,0.01,,0,,,,0,0.1
Mn,0.77,Na,0.72,W,0.36,,,,,,,,,,,Si,49.07,C,49.07,,,Impregnation,948,0.57,0.14,4,1,0.01,,0.3,,,,30,0.1
Mn,0.77,Na,0.72,W,0.36,,,,,,,,,,,Si,49.07,C,49.07,,,Impregnation,973,0.57,0.14,4,1,0.01,,0.7,,,,22.5,0.2
Mn,0.77,Na,0.72,W,0.36,,,,,,,,,,,Si,49.07,C,49.07,,,Impregnation,998,0.57,0.14,4,1,0.01,,2.1,,,,22.5,0.5
Mn,0.77,Na,0.72,W,0.36,,,,,,,,,,,Si,49.07,C,49.07,,,Impregnation,1023,0.57,0.14,4,1,0.01,,4.7,,,,26.2,1.2
Mn,0.77,Na,0.72,W,0.36,,,,,,,,,,,Si,49.07,C,49.07,,,Impregnation,1048,0.57,0.14,4,1,0.01,,9.8,,,,35.8,3.5
Mn,0.77,Na,0.72,W,0.36,,,,,,,,,,,Si,49.07,C,49.07,,,Impregnation,1073,0.57,0.14,4,1,0.01,,16.1,,,,42,6.8
Mn,0.77,Na,0.72,W,0.36,,,,,,,,,,,Si,49.07,C,49.07,,,Impregnation,723,0.57,0.14,4,1,0.01,,0,,,,0,0
Mn,0.77,Na,0.72,W,0.36,,,,,,,,,,,Si,49.07,C,49.07,,,Impregnation,748,0.57,0.14,4,1,0.01,,0,,,,0,0
Mn,0.77,Na,0.72,W,0.36,,,,,,,,,,,Si,49.07,C,49.07,,,Impregnation,773,0.57,0.14,4,1,0.01,,0,,,,0,0
Mn,0.77,Na,0.72,W,0.36,,,,,,,,,,,Si,49.07,C,49.07,,,Impregnation,798,0.57,0.14,4,1,0.01,,0,,,,0,0
Mn,0.77,Na,0.72,W,0.36,,,,,,,,,,,Si,49.07,C,49.07,,,Impregnation,823,0.57,0.14,4,1,0.01,,0,,,,0,0
Mn,0.77,Na,0.72,W,0.36,,,,,,,,,,,Si,49.07,C,49.07,,,Impregnation,848,0.57,0.14,4,1,0.01,,0,,,,0,0
Mn,0.77,Na,0.72,W,0.36,,,,,,,,,,,Si,49.07,C,49.07,,,Impregnation,873,0.57,0.14,4,1,0.01,,0,,,,0,0
Mn,0.77,Na,0.72,W,0.36,,,,,,,,,,,Si,49.07,C,49.07,,,Impregnation,898,0.57,0.14,4,1,0.01,,0,,,,0,0
Mn,0.77,Na,0.72,W,0.36,,,,,,,,,,,Si,49.07,C,49.07,,,Impregnation,923,0.57,0.14,4,1,0.01,,0.9,,,,3,0
Mn,0.77,Na,0.72,W,0.36,,,,,,,,,,,Si,49.07,C,49.07,,,Impregnation,948,0.57,0.14,4,1,0.01,,1.2,,,,8.6,0.1
Mn,0.77,Na,0.72,W,0.36,,,,,,,,,,,Si,49.07,C,49.07,,,Impregnation,973,0.57,0.14,4,1,0.01,,2.1,,,,7.2,0.2
Mn,0.77,Na,0.72,W,0.36,,,,,,,,,,,Si,49.07,C,49.07,,,Impregnation,998,0.57,0.14,4,1,0.01,,4.1,,,,10.6,0.4
Mn,0.77,Na,0.72,W,0.36,,,,,,,,,,,Si,49.07,C,49.07,,,Impregnation,1023,0.57,0.14,4,1,0.01,,7.9,,,,16.6,1.3
Mn,0.77,Na,0.72,W,0.36,,,,,,,,,,,Si,49.07,C,49.07,,,Impregnation,1048,0.57,0.14,4,1,0.01,,15.9,,,,16.9,2.7
Mn,0.77,Na,0.72,W,0.36,,,,,,,,,,,Si,49.07,C,49.07,,,Impregnation,1073,0.57,0.14,4,1,0.01,,27.4,,,,18.9,5.2
Mn,0.77,Na,0.72,W,0.36,,,,,,,,,,,Si,49.07,C,49.07,,,Impregnation,1023,0.6,0.2,3,1,0.36,,30.4,,,,52.7,16
Mn,0.77,Na,0.72,W,0.36,,,,,,,,,,,Si,49.07,C,49.07,,,Impregnation,1073,0.6,0.2,3,1,0.36,,33.6,,,,54.2,18.2
Mn,0.77,Na,0.72,W,0.36,,,,,,,,,,,Si,49.07,C,49.07,,,Impregnation,1123,0.6,0.2,3,1,0.36,,32.7,,,,52.7,17.2
Mn,0.77,Na,0.72,W,0.36,,,,,,,,,,,Si,49.07,C,49.07,,,Impregnation,1023,0.6,0.2,3,1,0.36,,13.1,,,,82.4,10.8
Mn,0.77,Na,0.72,W,0.36,,,,,,,,,,,Si,49.07,C,49.07,,,Impregnation,1073,0.6,0.2,3,1,0.36,,34.6,,,,63.6,22
Mn,0.77,Na,0.72,W,0.36,,,,,,,,,,,Si,49.07,C,49.07,,,Impregnation,1123,0.6,0.2,3,1,0.36,,34.3,,,,57.6,19.7
Mn,0.76,Na,2.16,W,1.08,Ce,2.26,Ag,0.79,,,,,,,Si,92.94,,,,,Impregnation,923,0.87,0.12,7.4,1,0.06,23.7,2.9,,,,18.9,0.5
Mn,0.76,Na,2.16,W,1.08,Ce,2.26,Ag,0.79,,,,,,,Si,92.94,,,,,Impregnation,943,0.87,0.12,7.4,1,0.06,31.6,4.7,,,,51,2.4
Mn,0.76,Na,2.16,W,1.08,Ce,2.26,Ag,0.79,,,,,,,Si,92.94,,,,,Impregnation,973,0.87,0.12,7.4,1,0.06,46.5,8.2,,,,69.7,5.7
Mn,0.76,Na,2.16,W,1.08,Ce,2.26,Ag,0.79,,,,,,,Si,92.94,,,,,Impregnation,998,0.87,0.12,7.4,1,0.06,71.2,13.5,,,,80.8,10.9
Mn,0.76,Na,2.16,W,1.08,Ce,2.26,Ag,0.79,,,,,,,Si,92.94,,,,,Impregnation,1023,0.87,0.12,7.4,1,0.06,98.5,18.4,,,,84.2,15.5
Mn,0.76,Na,2.16,W,1.08,Ce,2.26,Ag,0.79,,,,,,,Si,92.94,,,,,Impregnation,1048,0.87,0.12,7.4,1,0.06,99.2,18.4,,,,82.4,15.2
Mn,0.76,Na,2.16,W,1.08,Ce,2.26,Ag,0.79,,,,,,,Si,92.94,,,,,Impregnation,1073,0.87,0.12,7.4,1,0.06,100,18.7,,,,83.9,15.7
 Na ,2.13,W,1.07,Mn,8.55,,,,,,,,,,,Si,88.25,,,,,Impregnation,973,0.38,0.13,3,1,0.32,,28.1,46.9,35.8,13.4,53.1,14.9
 Na ,2.13,W,1.07,Mn,8.55,,,,,,,,,,,Si,88.25,,,,,Impregnation,973,0.38,0.13,3,1,0.53,,33.8,45,35.4,14.4,55,18.6
 Na ,2.13,W,1.07,Mn,8.55,,,,,,,,,,,Si,88.25,,,,,Impregnation,973,0.38,0.13,3,1,0.79,,32.9,45.2,35,14.6,54.8,18.1
 Na ,2.13,W,1.07,Mn,8.55,,,,,,,,,,,Si,88.25,,,,,Impregnation,973,0.38,0.13,3,1,1.59,,30.9,49.2,33.2,12.6,50.8,15.7
Mn,1.6,Ti,2.38,Na,4.31,W,2.15,,,,,,,,,Si,89.55,,,,,SCS,973,0.5,0.1,5,1,0.16,,13.2,,,,53.7,7.1
Mn,3.25,Ti,4.82,Na,4.37,W,2.18,,,,,,,,,Si,85.38,,,,,SCS,973,0.5,0.1,5,1,0.16,,19.1,,,,60.8,11.6
Mn,4.94,Ti,7.32,Na,4.42,W,2.21,,,,,,,,,Si,81.1,,,,,SCS,973,0.5,0.1,5,1,0.16,,20.6,,,,70.8,14.6
Mn,6.67,Ti,9.89,Na,4.48,W,2.24,,,,,,,,,Si,76.71,,,,,SCS,973,0.5,0.1,5,1,0.15,,20.5,,,,70,14.3
Mn,8.46,Ti,12.54,Na,4.54,W,2.27,,,,,,,,,Si,72.2,,,,,SCS,973,0.5,0.1,5,1,0.15,,20.2,,,,70,14.1
Mn,1.34,Ti,2.64,Na,4.31,W,2.15,,,,,,,,,Si,89.56,,,,,SCS,973,0.5,0.1,5,1,0.16,,12.8,,,,51.8,6.6
Mn,2.71,Ti,5.35,Na,4.37,W,2.18,,,,,,,,,Si,85.39,,,,,SCS,973,0.5,0.1,5,1,0.16,,18.7,,,,59.6,11.1
Mn,4.12,Ti,8.14,Na,4.42,W,2.21,,,,,,,,,Si,81.11,,,,,SCS,973,0.5,0.1,5,1,0.16,,20.4,,,,69.3,14.1
Mn,5.56,Ti,10.99,Na,4.48,W,2.24,,,,,,,,,Si,76.72,,,,,SCS,973,0.5,0.1,5,1,0.15,,19.9,,,,69.8,13.9
Mn,7.05,Ti,13.93,Na,4.54,W,2.27,,,,,,,,,Si,72.21,,,,,SCS,973,0.5,0.1,5,1,0.15,,20.1,,,,69.8,14.1
Mn,2.41,Ti,1.59,Na,4.31,W,2.15,,,,,,,,,Si,89.55,,,,,SCS,973,0.5,0.1,5,1,0.16,,13.2,,,,53.2,7
Mn,4.87,Ti,3.21,Na,4.36,W,2.18,,,,,,,,,Si,85.37,,,,,SCS,973,0.5,0.1,5,1,0.16,,18.8,,,,59.3,11.2
Mn,7.41,Ti,4.88,Na,4.42,W,2.21,,,,,,,,,Si,81.08,,,,,SCS,973,0.5,0.1,5,1,0.15,,19.7,,,,69.2,13.6
Mn,10.01,Ti,6.59,Na,4.48,W,2.24,,,,,,,,,Si,76.68,,,,,SCS,973,0.5,0.1,5,1,0.15,,19.7,,,,69.5,13.7
Mn,12.68,Ti,8.35,Na,4.54,W,2.27,,,,,,,,,Si,72.16,,,,,SCS,973,0.5,0.1,5,1,0.15,,19.9,,,,69.2,13.8
Mn,2.67,Ti,1.32,Na,4.31,W,2.15,,,,,,,,,Si,89.54,,,,,SCS,973,0.5,0.1,5,1,0.16,,13.3,,,,50.2,6.7
Mn,5.42,Ti,2.68,Na,4.36,W,2.18,,,,,,,,,Si,85.36,,,,,SCS,973,0.5,0.1,5,1,0.16,,19.1,,,,59.3,11.3
Mn,8.23,Ti,4.07,Na,4.42,W,2.21,,,,,,,,,Si,81.07,,,,,SCS,973,0.5,0.1,5,1,0.15,,21,,,,65.9,13.8
Mn,11.12,Ti,5.49,Na,4.48,W,2.24,,,,,,,,,Si,76.67,,,,,SCS,973,0.5,0.1,5,1,0.15,,21,,,,69,14.5
Mn,14.08,Ti,6.96,Na,4.54,W,2.27,,,,,,,,,Si,72.15,,,,,SCS,973,0.5,0.1,5,1,0.15,,20.2,,,,68.8,13.9
Mn,1.6,Ti,1.58,Na,4.3,W,2.15,,,,,,,,,Si,90.37,,,,,SCS,973,0.5,0.1,5,1,0.16,,15.1,,,,52.9,8
Mn,3.23,Ti,3.2,Na,4.34,W,2.17,,,,,,,,,Si,87.06,,,,,SCS,973,0.5,0.1,5,1,0.16,,18.2,,,,60.4,11
Mn,4.9,Ti,4.84,Na,4.39,W,2.19,,,,,,,,,Si,83.68,,,,,SCS,973,0.5,0.1,5,1,0.16,,20.3,,,,71.2,14.5
Mn,6.6,Ti,6.53,Na,4.43,W,2.22,,,,,,,,,Si,80.22,,,,,SCS,973,0.5,0.1,5,1,0.15,,20.4,,,,70.1,14.3
Mn,8.34,Ti,8.24,Na,4.48,W,2.24,,,,,,,,,Si,76.69,,,,,SCS,973,0.5,0.1,5,1,0.15,,20.1,,,,70.6,14.2
Mn,4.78,Ti,4.73,Na,1.71,W,0.86,,,,,,,,,Si,87.93,,,,,SCS,973,0.5,0.1,5,1,0.16,,17.8,,,,68.7,12.2
Mn,4.86,Ti,4.8,Na,3.48,W,1.74,,,,,,,,,Si,85.12,,,,,SCS,973,0.5,0.1,5,1,0.16,,18.8,,,,69,13
Mn,5.02,Ti,4.97,Na,7.2,W,3.6,,,,,,,,,Si,79.21,,,,,SCS,973,0.5,0.1,5,1,0.16,,20.1,,,,70.6,14.2
Mn,5.11,Ti,5.05,Na,9.16,W,4.58,,,,,,,,,Si,76.1,,,,,SCS,973,0.5,0.1,5,1,0.15,,20.3,,,,68.9,14
Mn,4.9,Ti,4.84,Na,4.39,W,2.19,,,,,,,,,Si,83.68,,,,,SCS,973,,,2,1,0.16,,26.7,,,,52.9,14.1
Mn,4.9,Ti,4.84,Na,4.39,W,2.19,,,,,,,,,Si,83.68,,,,,SCS,973,,,3,1,0.16,,24.5,,,,59.1,14.5
Mn,4.9,Ti,4.84,Na,4.39,W,2.19,,,,,,,,,Si,83.68,,,,,SCS,973,,,4,1,0.16,,21.6,,,,63.3,13.7
Mn,4.9,Ti,4.84,Na,4.39,W,2.19,,,,,,,,,Si,83.68,,,,,SCS,973,,,6,1,0.16,,19.5,,,,73.4,14.3
Mn,4.9,Ti,4.84,Na,4.39,W,2.19,,,,,,,,,Si,83.68,,,,,SCS,973,,,7,1,0.16,,17.5,,,,74.6,13
Mn,4.9,Ti,4.84,Na,4.39,W,2.19,,,,,,,,,Si,83.68,,,,,SCS,973,,,8,1,0.16,,15.9,,,,77.3,12.3
Mn,4.9,Ti,4.84,Na,4.39,W,2.19,,,,,,,,,Si,83.68,,,,,SCS,973,0.5,0.1,5,1,0.04,,25.1,,,,55.4,13.9
Mn,4.9,Ti,4.84,Na,4.39,W,2.19,,,,,,,,,Si,83.68,,,,,SCS,973,0.5,0.1,5,1,0.08,,23.4,,,,59.8,14
Mn,4.9,Ti,4.84,Na,4.39,W,2.19,,,,,,,,,Si,83.68,,,,,SCS,973,0.5,0.1,5,1,0.12,,21.6,,,,64.1,13.9
Mn,4.9,Ti,4.84,Na,4.39,W,2.19,,,,,,,,,Si,83.68,,,,,SCS,973,0.5,0.1,5,1,0.2,,16.9,,,,71.6,12.1
Mn,4.9,Ti,4.84,Na,4.39,W,2.19,,,,,,,,,Si,83.68,,,,,SCS,973,0.5,0.1,5,1,0.24,,14.3,,,,74.2,10.6
Mn,4.9,Ti,4.84,Na,4.39,W,2.19,,,,,,,,,Si,83.68,,,,,SCS,973,0.5,0.1,5,1,0.31,,12.4,,,,74.5,9.2
Mn,4.9,Ti,4.84,Na,4.39,W,2.19,,,,,,,,,Si,83.68,,,,,SCS,1073,0.5,0.1,5,1,0.16,,25.1,,,,74.5,18.7
Mn,4.9,Ti,4.84,Na,4.39,W,2.19,,,,,,,,,Si,83.68,,,,,SCS,1053,0.5,0.1,5,1,0.16,,24.1,,,,73.1,17.6
Mn,4.9,Ti,4.84,Na,4.39,W,2.19,,,,,,,,,Si,83.68,,,,,SCS,1033,0.5,0.1,5,1,0.16,,22.6,,,,72.8,16.4
Mn,4.9,Ti,4.84,Na,4.39,W,2.19,,,,,,,,,Si,83.68,,,,,SCS,1013,0.5,0.1,5,1,0.16,,22.2,,,,72.2,16
Mn,4.9,Ti,4.84,Na,4.39,W,2.19,,,,,,,,,Si,83.68,,,,,SCS,993,0.5,0.1,5,1,0.16,,21.2,,,,70.7,15
Mn,4.9,Ti,4.84,Na,4.39,W,2.19,,,,,,,,,Si,83.68,,,,,SCS,973,0.5,0.1,5,1,0.16,,20.7,,,,69.8,14.4
Mn,4.9,Ti,4.84,Na,4.39,W,2.19,,,,,,,,,Si,83.68,,,,,SCS,953,0.5,0.1,5,1,0.16,,14,,,,52.4,7.4
Na ,2.13,W,1.07,Mn,8.55,,,,,,,,,,,Si,88.25,,,,,Impregnation,973,0.38,0.13,3,1,0.32,,28.1,46.9,35.8,13.4,53.1,14.9
Na ,2.13,W,1.07,Mn,8.55,,,,,,,,,,,Si,88.25,,,,,Impregnation,973,0.38,0.13,3,1,0.53,,33.8,45,35.4,14.4,55,18.6
Na ,2.13,W,1.07,Mn,8.55,,,,,,,,,,,Si,88.25,,,,,Impregnation,973,0.38,0.13,3,1,0.79,,32.9,45.2,35,14.6,54.8,18.1
Na ,2.13,W,1.07,Mn,8.55,,,,,,,,,,,Si,88.25,,,,,Impregnation,973,0.38,0.13,3,1,1.59,,30.9,49.2,33.2,12.6,50.8,15.7
