Cation 1,Cation 1 mol%,Cation 2,Cation 2 mol%,Cation 3,Cation 3 mol%,Cation 4,Cation 4 mol%,Cation 5,Cation 5 mol%,Cation 6,Cation 6 mol%,Anion 1,Anion 1 mol%,Anion 2,Anion 2 mol%,Promotor,Support 1,Support 1 mol%,Support 2,Support 2 mol%,Support 3,Support 3 mol%,Preparation,"Temperature, K","p(CH4), bar","p(O2), bar",p(CH4)/p(O2),"p total, bar","Contact time, s","X(O2), %","X(CH4), %","S(COx), %","S(C2=), %","S(C2-), %","S(C2), %","Y(C2), %"
Li,44.6,,,,,,,,,,,,,,,,Al,55.4,,,,,Impregnation,1073,0.40,0.08,4.8,1.0,0.04 ,,3.2,,,,6.3,0.2
Li,30.3,Mg,69.7,,,,,,,,,,,,,,,,,,,,n.a.,993,0.08,0.04,2.0,1.0,5.30 ,85.0,38.0,,,,50.0,19.0
Li,6.0,Ca,94.0,,,,,,,,,,,,,,,,,,,,Impregnation,1017,0.64,0.08,8.0,1.0,1.05 ,99.0,13.0,,24.0,38.0,62.0,8.1
Li,5.8,Ca,94.2,,,,,,,,,,,,,,,,,,,,Impregnation,1027,0.67,0.07,9.6,1.0,0.50 ,97.0,14.0,,24.0,40.0,64.0,9.0
Li,5.4,Ca,91.9,,,,,,,,,S,2.7,,,,,,,,,,Impregnation,1030,0.65,0.08,8.1,1.0,0.90 ,98.0,14.0,,32.0,34.0,66.0,9.2
Li,13.0,Al,87.0,,,,,,,,,,,,,,,,,,,,Impregnation,1024,0.65,0.08,8.1,1.0,6.88 ,100.0,11.0,,24.0,26.0,50.0,5.5
Li,10.0,La,90.0,,,,,,,,,,,,,,,,,,,,Impregnation,1073,0.30,0.05,6.0,1.0,0.10 ,100.0,21.6,,32.6,37.6,70.2,15.2
Li,10.0,Mg,90.0,,,,,,,,,,,,,,,,,,,,Impregnation,1123,0.30,0.05,6.0,1.0,0.10 ,100.0,21.1,,38.0,29.1,67.1,14.2
Li,11.1,Sm,88.9,,,,,,,,,,,,,,,,,,,,n.a.,1023,0.05,0.02,2.5,1.0,0.60 ,80.0,28.8,,59.0,10.8,70.0,20.2
Li,12.5,Zn,87.5,,,,,,,,,,,,,,,,,,,,n.a.,1013,0.11,0.06,1.9,1.0,2.40 ,90.0,40.0,,,,62.1,24.8
Li,14.3,Ca,85.7,,,,,,,,,,,,,,,,,,,,n.a.,984,0.50,0.11,4.7,1.0,7.20 ,,20.0,,39.0,27.0,66.0,13.2
Li,16.7,Ni,66.6,,,,,,,,,Br,16.7,,,,,,,,,,Impregnation,1023,0.05,0.03,2.0,1.0,0.60 ,94.0,35.1,,43.0,3.0,46.0,16.1
Li,16.7,Ni,66.6,,,,,,,,,Cl,16.7,,,,,,,,,,Impregnation,1023,0.05,0.03,2.0,1.0,0.60 ,57.0,25.9,,56.0,16.0,72.0,18.6
Li,20.0,Sm,80.0,,,,,,,,,,,,,,,,,,,,Impregnation,1023,0.05,0.02,2.5,1.0,0.60 ,90.0,41.2,,26.0,28.0,54.1,22.3
Li,2.0,Ba,98.0,,,,,,,,,,,,,,,,,,,,n.a.,1073,0.03,0.01,1.9,1.0,2.40 ,,37.0,,,,50.0,18.5
Li,2.4,Ca,96.4,,,,,,,,,C,1.2,,,,,,,,,,Impregnation,1013,0.52,0.06,9.0,1.0,0.37 ,92.0,15.0,,,,76.0,11.4
Li,11.6,Ca,82.6,,,,,,,,,C,5.8,,,,,,,,,,Impregnation,1013,0.52,0.06,9.0,1.0,0.44 ,93.0,16.0,,,,77.0,12.3
Li,2.8,Ca,97.2,,,,,,,,,,,,,,,,,,,,Impregnation,1013,0.52,0.06,9.0,1.0,0.37 ,92.0,14.0,,,,75.0,10.5
Li,6.0,Ca,94.0,,,,,,,,,,,,,,,,,,,,Impregnation,1013,0.52,0.06,9.0,1.0,0.38 ,97.0,14.0,,,,72.0,10.1
Li,12.0,Ca,88.0,,,,,,,,,,,,,,,,,,,,Impregnation,1013,0.52,0.06,9.0,1.0,0.36 ,99.0,14.0,,,,72.0,10.1
Li,2.8,Ca,95.8,,,,,,,,,S,1.4,,,,,,,,,,Impregnation,1013,0.52,0.06,9.0,1.0,0.91 ,100.0,16.0,,,,76.0,12.2
Li,6.8,Ca,89.8,,,,,,,,,S,3.4,,,,,,,,,,Impregnation,1013,0.52,0.06,9.0,1.0,1.40 ,99.0,16.0,,,,76.0,12.2
Li,13.0,Ca,80.5,,,,,,,,,S,6.5,,,,,,,,,,Impregnation,1013,0.52,0.06,9.0,1.0,0.95 ,93.0,14.0,,,,74.0,10.4
Li,4.5,Ca,95.5,,,,,,,,,,,,,,,,,,,,Impregnation,1013,0.52,0.06,9.0,1.0,0.36 ,91.0,16.0,,,,77.0,12.3
Li,7.6,Pb,12.0,,,,,,,,,,,,,,Al,80.4,,,,,n.a.,1023,0.70,0.07,10.0,1.0,0.21 ,100.0,10.0,,21.3,35.6,56.9,5.7
Li,100.0,,,,,,,,,,,,,,,,,,,,,,n.a.,1023,0.70,0.07,10.0,1.0,0.42 ,21.5,2.2,,4.2,40.9,45.1,1.0
Li,19.1,Ca,80.9,,,,,,,,,,,,,,,,,,,,n.a.,1023,0.67,0.07,9.6,1.0,0.41 ,100.0,9.4,,27.0,44.6,71.6,6.7
Li,15.2,Mg,84.8,,,,,,,,,,,,,,,,,,,,n.a.,893,0.48,0.11,4.5,1.0,25.70 ,,20.0,,,,51.6,10.3
Li,30.5,Mg,69.5,,,,,,,,,,,,,,,,,,,,n.a.,973,0.47,0.11,4.4,1.0,8.00 ,,22.0,,,,71.0,15.6
Li,22.2,Ca,77.8,,,,,,,,,,,,,,,,,,,,n.a.,984,0.47,0.11,4.4,1.0,8.70 ,,18.0,30.0,38.0,27.0,65.0,11.7
Li,17.2,Mg,82.8,,,,,,,,,,,,,,,,,,,,n.a.,1043,0.38,0.13,3.0,1.0,5.50 ,,59.0,48.0,36.0,17.0,53.0,31.3
Li,50.0,,,,,,,,,,,Cl,50.0,,,,,,,,,,Impregnation,1023,0.66,0.07,9.4,1.0,1.80 ,,5.1,,44.0,45.8,89.8,4.6
Li,100.0,,,,,,,,,,,,,,,Cl,,,,,,,n.a.,1023,0.91,0.09,10.0,1.0,2.00 ,,5.0,,44.0,46.0,90.0,4.5
Li,33.3,Ca,33.3,Pr,33.4,,,,,,,,,,,Cl,,,,,,,n.a.,1023,0.91,0.09,10.0,1.0,2.00 ,,14.0,,71.0,13.0,84.0,11.8
Li,33.3,Ca,33.3,Ce,33.4,,,,,,,,,,,Cl,,,,,,,n.a.,1023,0.91,0.09,10.0,1.0,2.00 ,,14.0,,70.0,14.0,84.0,11.8
Li,21.1,Ti,26.3,Mg,52.6,,,,,,,,,,,,,,,,,,n.a.,1024,0.50,0.10,5.0,1.0,7.90 ,,8.0,25.0,34.0,39.0,73.0,5.8
Li,25.0,Ti,25.0,Ca,50.0,,,,,,,,,,,,,,,,,,n.a.,980,0.50,0.10,5.0,1.0,7.90 ,,17.0,22.0,39.0,31.0,70.0,11.9
Li,45.5,La,54.5,,,,,,,,,,,,,,,,,,,,n.a.,977,0.47,0.11,4.2,1.0,8.00 ,,34.0,4.0,52.0,34.0,86.0,29.2
Li,19.2,La,80.8,,,,,,,,,,,,,,,,,,,,n.a.,1073,0.30,0.05,6.0,1.0,0.19 ,100.0,22.0,24.0,33.0,38.0,71.0,15.6
Li,7.0,Mg,93.0,,,,,,,,,,,,,,,,,,,,Therm.decomp.,973,0.47,0.11,4.4,1.0,7.60 ,,23.7,,37.5,24.1,61.6,14.6
Li,3.0,Mg,97.0,,,,,,,,,,,,,,,,,,,,Therm.decomp.,958,0.47,0.11,4.4,1.0,7.60 ,,20.4,,47.3,39.1,86.4,17.6
Li,3.0,,,,,,,,,,,,,,,,Si,97.0,,,,,Therm.decomp.,989,0.47,0.11,4.4,1.0,7.60 ,,2.0,,11.0,0.0,11.0,0.2
Li,3.0,,,,,,,,,,,,,,,,Al,97.0,,,,,Therm.decomp.,973,0.47,0.11,4.4,1.0,7.60 ,,15.0,,0.0,3.0,3.0,0.4
Li,3.0,,,,,,,,,,,,,,,,Ca,48.5,Si,48.5,,,Therm.decomp.,973,0.47,0.11,4.4,1.0,7.60 ,,3.0,,0.0,0.0,0.0,0.0
Li,50.0,Be,50.0,,,,,,,,,,,,,,,,,,,,Impregnation,1033,0.76,0.25,3.0,1.0,0.01 ,73.0,24.2,,,,63.0,15.2
Li,20.0,,,,,,,,,,,,,,,,Al,80.0,,,,,Impregnation,1064,0.68,0.07,9.9,1.0,0.22 ,100.0,13.0,,,,76.0,9.9
Li,24.8,Mg,75.2,,,,,,,,,,,,,,,,,,,,n.a.,1076,0.51,0.11,4.7,1.0,0.23 ,,23.0,,,,54.0,12.4
Li,24.7,,,,,,,,,,,,,,,,Al,75.3,,,,,Precipitation,1076,0.50,0.10,4.8,1.0,0.22 ,100.0,23.0,,,,54.0,12.4
Li,50.0,Ni,50.0,,,,,,,,,,,,,,,,,,,,Pyrolysis,1023,0.10,0.05,2.0,1.0,0.60 ,43.6,22.2,,,,59.0,13.1
Li,30.5,Mg,69.5,,,,,,,,,,,,,,,,,,,,n.a.,973,0.10,0.05,2.0,1.0,0.87 ,,22.6,,,,56.7,12.8
Li,37.0,Mg,63.0,,,,,,,,,,,,,,,,,,,,n.a.,1043,0.91,0.09,10.0,1.0,1.30 ,71.0,11.0,22.0,31.0,41.0,72.0,7.9
Li,14.3,Mg,85.7,,,,,,,,,,,,,,,,,,,,n.a.,1008,0.67,0.07,10.0,1.0,3.90 ,,10.0,,31.0,42.0,73.0,7.3
Li,14.3,Mg,85.7,,,,,,,,,,,,,Cl,,,,,,,n.a.,1008,0.67,0.07,10.0,1.0,3.90 ,,10.0,,43.0,31.0,74.0,7.4
Li,75.0,Ti,25.0,,,,,,,,,,,,,Cl,,,,,,,n.a.,1008,0.20,0.02,9.8,1.0,3.90 ,,14.0,,48.0,21.0,69.0,9.7
Li,15.5,Pr,84.5,,,,,,,,,,,,,,,,,,,,n.a.,1057,0.67,0.33,2.0,1.0,6.00 ,100.0,40.0,48.0,28.0,16.0,44.0,17.6
Li,11.5,Na,11.5,Pr,77.0,,,,,,,,,,,,,,,,,,n.a.,1031,0.67,0.33,2.0,1.0,6.00 ,100.0,41.0,47.0,30.0,15.0,45.0,18.5
Li,50.0,Th,50.0,,,,,,,,,,,,,,,,,,,,n.a.,1078,0.67,0.33,2.0,1.0,6.00 ,100.0,31.0,47.0,33.0,13.0,46.0,14.3
Li,7.5,Na,15.0,K,7.5,Mn,20.0,,,,,C,50.0,,,,,,,,,,Therm.decomp.,1173,0.90,0.10,9.0,1.0,,,6.2,,,,98.0,6.1
Li,25.0,Na,30.0,K,20.0,Pr,4.0,,,,,C,21.0,,,,,,,,,,Therm.decomp.,1173,0.90,0.10,9.0,1.0,,,10.2,,,,37.0,3.8
Li,20.0,Mn,60.1,,,,,,,,,Cl,19.9,,,,,,,,,,Impregnation,1023,0.50,0.02,25.0,1.0,0.75 ,90.0,33.7,41.0,49.0,12.0,61.3,20.7
Li,50.0,Y,50.0,,,,,,,,,,,,,,,,,,,,Therm.decomp.,970,0.18,0.03,6.1,1.0,1.60 ,99.0,24.0,,23.0,49.0,72.0,17.3
Li,19.8,Ce,0.6,Mg,79.6,,,,,,,,,,,,,,,,,,n.a.,973,0.22,0.11,2.0,1.0,2.43 ,90.0,25.0,2.0,67.0,31.0,91.0,22.8
Li,50.0,Ni,50.0,,,,,,,,,,,,,,,,,,,,n.a.,1023,0.10,0.05,2.0,1.0,0.65 ,44.0,22.0,,,,59.0,13.0
Li,5.6,Mg,94.4,,,,,,,,,,,,,,,,,,,,n.a.,1123,0.30,0.05,6.0,1.0,0.09 ,100.0,21.0,29.0,38.0,29.0,67.0,14.1
Li,2.1,Zn,97.9,,,,,,,,,,,,,,,,,,,,n.a.,1023,0.08,0.04,2.0,1.0,5.20 ,56.0,28.0,,29.0,25.0,54.0,15.1
Li,5.8,Mg,93.3,,,B,0.9,,,,,,,,,,,,,,,,n.a.,1069,0.60,0.08,7.1,1.0,0.72 ,,21.0,,,,86.0,18.1
Li,68.8,Ti,31.2,,,,,,,,,,,,,,,,,,,,n.a.,1023,0.32,0.08,4.0,1.0,0.16 ,68.0,10.0,27.0,21.0,46.0,67.0,6.7
Li,17.9,Mg,82.1,,,,,,,,,,,,,,,,,,,,n.a.,1073,0.28,0.13,2.1,1.0,0.52 ,,21.0,,34.0,30.0,64.0,13.4
Li,20.0,Ti,80.0,,,,,,,,,,,,,Cl,,,,,,,n.a.,1023,0.05,0.03,2.0,1.0,0.65 ,40.0,18.0,,77.0,6.0,83.0,14.9
Li,7.7,Co,92.3,,,,,,,,,,,,,Cl,,,,,,,n.a.,1023,0.05,0.03,2.0,1.0,0.65 ,91.0,48.0,,32.0,3.0,35.0,16.8
Li,20.0,Ni,80.0,,,,,,,,,,,,,Cl,,,,,,,n.a.,1023,0.05,0.03,2.0,1.0,0.65 ,57.0,26.0,,56.0,16.0,72.0,18.7
Li,20.0,Zn,80.0,,,,,,,,,,,,,Cl,,,,,,,n.a.,1023,0.05,0.03,2.0,1.0,0.65 ,49.0,22.0,,43.0,26.0,69.0,15.2
Li,14.3,Mg,85.7,,,,,,,,,,,,,,,,,,,,n.a.,1053,0.67,0.07,9.6,1.0,0.22 ,100.0,13.0,27.0,31.0,42.0,73.0,9.5
Li,25.0,Bi,75.0,,,,,,,,,,,,,Cl,,,,,,,n.a.,1023,0.06,0.03,2.0,1.0,90.00 ,,22.0,,60.0,17.0,77.0,16.9
Li,15.2,Mg,84.8,,,,,,,,,,,,,,,,,,,,n.a.,973,0.28,0.16,1.8,1.0,4.90 ,,39.4,,,,37.6,14.8
Li,4.0,Ce,2.0,Mg,94.0,,,,,,,,,,,,,,,,,,Impregnation,973,0.22,0.11,2.0,1.0,2.40 ,,46.3,,,,43.8,20.3
Li,4.0,Ce,2.0,Ca,94.0,,,,,,,,,,,,,,,,,,Impregnation,973,0.22,0.11,2.0,1.0,2.40 ,,44.0,,,,45.7,20.1
Li,4.0,Ce,2.0,Sr,94.0,,,,,,,,,,,,,,,,,,Impregnation,973,0.22,0.11,2.0,1.0,2.40 ,,14.2,,,,87.8,12.5
Li,4.0,Ce,2.0,Ba,94.0,,,,,,,,,,,,,,,,,,Impregnation,973,0.22,0.11,2.0,1.0,2.40 ,,18.4,,,,71.2,13.1
Li,29.4,Zn,70.6,,,,,,,,,,,,,,,,,,,,n.a.,980,0.50,0.06,8.3,1.0,4.40 ,,11.0,19.0,31.0,46.0,77.0,8.5
Li,12.0,Mn,50.0,Mg,21.0,,,,,,,B,17.0,,,,,,,,,,Therm.decomp.,1143,0.50,0.10,4.8,1.0,19.80 ,69.8,15.1,,33.2,9.8,43.0,6.5
Li,12.0,Mn,25.0,Mg,21.0,,,,,,,B,17.0,,,,Al,25.0,,,,,Therm.decomp.,1143,0.50,0.10,4.8,1.0,19.80 ,99.0,23.5,,35.8,5.5,41.3,9.7
Li,8.3,Mo,27.8,Bi,55.6,,,,,,,Cl,8.3,,,,,,,,,,Therm.decomp.,1023,0.05,0.03,2.0,1.0,108.00 ,43.0,18.0,62.0,34.0,2.0,35.8,6.4
Li,3.0,Mg,97.0,,,,,,,,,,,,,,,,,,,,Impregnation,973,0.76,0.25,3.0,1.0,0.01 ,91.0,38.3,,19.0,37.0,56.0,21.4
Li,5.0,Sb,6.2,,,,,,,,,,,,,,Si,88.8,,,,,Precipitation,1053,0.51,0.11,4.5,1.0,0.33 ,,2.0,32.0,8.0,60.0,68.0,1.4
Li,2.6,Zn,1.0,Mg,96.4,,,,,,,,,,,,,,,,,,Impregnation,1053,0.17,0.07,2.3,1.0,0.24 ,90.0,42.0,,,,47.0,19.7
Li,4.6,Si,40.8,Mg,54.6,,,,,,,,,,,,,,,,,,n.a.,1123,0.19,0.09,2.0,1.0,10.91 ,90.0,43.1,,,,39.6,17.1
Li,14.5,Co,70.9,,,,,,,,,Cl,14.6,,,,,,,,,,Therm.decomp.,973,0.10,0.05,2.0,1.0,2.40 ,90.0,42.0,,,,50.0,21.0
Li,50.0,Mg,50.0,,,,,,,,,,,,,,,,,,,,n.a.,1053,0.40,0.20,2.0,1.0,1.30 ,,40.0,,32.0,11.0,43.0,17.2
Li,21.4,Ca,14.3,Bi,64.3,,,,,,,,,,,Cl,,,,,,,n.a.,993,0.20,0.10,2.0,1.0,2.60 ,,18.0,,49.0,18.0,67.0,12.1
Li,20.0,Ca,20.0,Bi,60.0,,,,,,,,,,,Cl,,,,,,,n.a.,993,0.20,0.10,2.0,1.0,2.60 ,,22.0,,54.0,13.0,67.0,14.7
Li,16.7,Ca,33.3,Bi,50.0,,,,,,,,,,,Cl,,,,,,,n.a.,993,0.20,0.10,2.0,1.0,2.60 ,,42.0,,45.0,2.0,47.0,19.7
Li,11.1,Ca,11.1,Bi,33.3,,,,,,,Cl,44.5,,,,,,,,,,Impregnation,993,0.20,0.10,2.0,1.0,2.40 ,47.0,21.9,,,,67.0,14.7
Li,5.8,Ca,94.2,,,,,,,,,,,,,,,,,,,,Impregnation,1013,0.67,0.07,9.1,1.0,0.36 ,91.0,16.0,23.0,27.0,41.0,68.0,10.9
Li,5.7,Ca,91.4,,,,,,,,,C,2.9,,,,,,,,,,n.a.,1013,0.67,0.07,9.0,1.0,0.36 ,91.0,16.0,,41.0,27.0,68.0,10.9
Li,6.5,Ca,90.3,,,,,,,,,S,3.2,,,,,,,,,,n.a.,1013,0.67,0.07,9.0,1.0,1.40 ,99.0,16.0,,32.0,33.0,65.0,10.4
Li,50.0,Ni,50.0,,,,,,,,,,,,,,,,,,,,n.a.,1013,0.33,0.17,2.0,1.0,0.39 ,,40.0,,,,52.0,20.8
Li,9.1,Ti,90.9,,,,,,,,,,,,,Cl,,,,,,,n.a.,1023,0.12,0.04,3.0,1.0,0.65 ,85.0,40.0,,39.0,2.0,41.0,16.4
Li,4.5,Mg,95.5,,,,,,,,,,,,,,,,,,,,n.a.,973,0.67,0.33,2.0,1.0,0.01 ,76.0,34.0,,40.0,16.0,56.0,19.0
Li,5.0,Zn,5.0,Mg,90.0,,,,,,,,,,,,,,,,,,n.a.,973,0.67,0.33,2.0,1.0,0.01 ,,35.0,,29.0,21.0,50.0,17.5
Li,5.0,Ni,5.0,Mg,90.0,,,,,,,,,,,,,,,,,,n.a.,973,0.67,0.33,2.0,1.0,0.01 ,,34.0,,26.0,20.0,46.0,15.6
Li,5.0,Sm,5.0,Mg,90.0,,,,,,,,,,,,,,,,,,n.a.,973,0.67,0.33,2.0,1.0,0.01 ,,40.0,,23.0,23.0,46.0,18.4
Li,5.0,Ce,5.0,Mg,90.0,,,,,,,,,,,,,,,,,,n.a.,973,0.67,0.33,2.0,1.0,0.01 ,,42.0,,24.0,24.0,48.0,20.2
Li,5.5,Mg,94.5,,,,,,,,,,,,,,,,,,,,Impregnation,975,0.87,0.03,29.0,1.0,0.72 ,,4.0,,,,80.0,3.2
Li,5.5,Mg,93.8,,,,,,,,,B,0.7,,,,,,,,,,Impregnation,973,0.87,0.03,29.0,1.0,0.72 ,,4.4,,,,88.0,3.9
Li,5.5,Mg,89.8,,,,,,,,,B,4.7,,,,,,,,,,Impregnation,1073,0.87,0.03,29.0,1.0,0.72 ,,17.0,,,,74.0,12.6
Li,5.5,Al,1.0,Mg,93.5,,,,,,,,,,,,,,,,,,Impregnation,1075,0.60,0.08,7.1,1.0,0.72 ,,17.3,,,,45.0,7.8
Li,5.5,Y,0.9,Mg,93.6,,,,,,,,,,,,,,,,,,Impregnation,1072,0.60,0.08,7.1,1.0,0.72 ,,20.0,,,,68.0,13.6
Li,5.5,La,0.7,Mg,93.8,,,,,,,,,,,,,,,,,,Impregnation,1072,0.60,0.08,7.1,1.0,0.72 ,,18.0,,,,74.0,13.3
Li,5.5,La,1.5,Mg,93.0,,,,,,,,,,,,,,,,,,Impregnation,1072,0.60,0.08,7.1,1.0,0.72 ,,16.0,,,,71.0,11.4
Li,3.0,Ag,8.5,,,,,,,,,Cl,3.0,,,Cl,Al,85.5,,,,,Impregnation,973,0.10,0.05,2.0,1.0,1.50 ,,2.2,,,,76.9,1.7
Li,2.0,Mg,97.0,,,,,,,,,B,1.0,,,,,,,,,,Therm.decomp.,1073,0.60,0.08,7.1,1.0,0.72 ,,21.2,,,,86.0,18.2
Li,2.0,Al,1.0,Mg,97.0,,,,,,,,,,,,,,,,,,Therm.decomp.,1073,0.60,0.08,7.1,1.0,0.72 ,,17.3,,,,45.0,7.8
Li,15.4,Mg,38.5,Zn,46.1,,,,,,,,,,,,,,,,,,n.a.,1073,0.27,0.06,4.8,1.0,0.49 ,,26.0,,37.0,36.0,73.0,19.0
Li,14.8,Al,3.8,Zn,44.4,Mg,37.0,,,,,,,,,,,,,,,,n.a.,1073,0.27,0.06,4.8,1.0,0.49 ,,28.0,,43.0,32.0,75.0,21.0
Li,15.4,Zn,46.2,Mg,38.4,,,,,,,,,,,,,,,,,,Therm.decomp.,1073,0.27,0.06,4.7,1.0,,,20.1,,,,76.3,15.3
Li,4.3,Cs,0.9,Zn,94.8,,,,,,,,,,,,,,,,,,Therm.decomp.,1013,0.27,0.06,4.7,1.0,,,21.8,,,,77.0,16.8
Li,14.8,Al,3.7,Zn,44.4,Mg,37.1,,,,,,,,,,,,,,,,Therm.decomp.,1073,0.27,0.06,4.7,1.0,,,22.2,,,,78.0,17.3
Li,4.3,Zn,52.2,Zr,43.5,,,,,,,,,,,,,,,,,,Therm.decomp.,1073,0.27,0.06,4.7,1.0,,,9.1,,,,52.9,4.8
Li,6.2,Na,35.0,Ti,32.6,Si,20.0,,,,,Cl,6.2,,,,,,,,,,Impregnation,973,0.05,0.02,2.4,1.0,0.60 ,,50.0,,39.5,0.0,39.5,19.8
Li,5.8,Ti,88.4,,,,,,,,,Cl,5.8,,,,,,,,,,Impregnation,973,0.05,0.02,2.4,1.0,0.60 ,,33.6,,19.9,0.0,19.9,6.7
Li,5.8,Mn,88.4,,,,,,,,,Cl,5.8,,,,,,,,,,Impregnation,973,0.05,0.02,2.4,1.0,0.60 ,,41.0,,28.0,0.0,28.0,11.5
Li,11.6,Mg,88.4,,,,,,,,,,,,,,,,,,,,Impregnation,1073,0.67,0.07,9.6,1.0,0.23 ,,16.3,,,,84.0,13.7
Li,0.4,Mg,99.6,,,,,,,,,,,,,,,,,,,,Precipitation,1023,0.03,0.02,1.9,1.0,1.23 ,90.0,46.0,,,,62.8,28.9
Li,47.9,Zn,52.1,,,,,,,,,,,,,,,,,,,,Therm.decomp.,973,0.44,0.11,4.0,1.0,0.15 ,23.0,5.0,,,,42.0,2.1
Li,2.6,Cd,1.0,Mg,96.4,,,,,,,,,,,,,,,,,,Impregnation,1053,0.17,0.07,2.3,1.0,0.24 ,,29.0,,,,49.0,14.2
Li,20.0,Mn,80.0,,,,,,,,,,,,,Cl,,,,,,,n.a.,1023,0.05,0.03,2.0,1.0,0.60 ,90.0,47.3,,,,64.7,30.6
Li,10.0,Ca,90.0,,,,,,,,,,,,,,,,,,,,n.a.,1023,0.03,0.01,1.9,1.0,2.40 ,,42.0,,34.0,19.0,53.0,22.3
Li,5.0,Ba,5.0,Ca,90.0,,,,,,,,,,,,,,,,,,n.a.,1023,0.03,0.01,1.9,1.0,2.40 ,,48.0,,29.0,20.0,49.0,23.5
Li,70.0,Ti,30.0,,,,,,,,,,,,,,,,,,,,Impregnation,1023,0.32,0.08,4.0,1.0,0.15 ,,10.0,,,,73.5,7.3
Li,58.0,La,28.0,Ti,14.0,,,,,,,,,,,,,,,,,,Impregnation,1023,0.32,0.08,4.0,1.0,0.15 ,,18.6,,,,75.3,14.0
Li,61.1,Ni,19.5,Ti,19.4,,,,,,,,,,,,,,,,,,Impregnation,1023,0.32,0.08,4.0,1.0,0.15 ,,18.9,,,,69.7,13.2
Li,50.0,Mn,50.0,,,,,,,,,,,,,Cl,,,,,,,n.a.,1023,0.50,0.03,20.0,1.0,0.11 ,,14.0,10.0,44.0,44.0,88.0,12.3
Li,33.3,Mg,33.3,Nd,33.4,,,,,,,,,,,,,,,,,,n.a.,1003,0.60,0.40,1.5,1.0,0.78 ,,62.0,,33.0,18.0,51.0,31.6
Li,27.7,Mn,72.3,,,,,,,,,,,,,B,,,,,,,n.a.,1023,0.63,0.38,1.7,1.0,1.20 ,,42.0,,,,80.0,33.6
Li,0.2,Mg,99.6,,,,,,,,,C,0.2,,,,,,,,,,Impregnation,973,0.75,0.25,3.0,1.0,0.05 ,94.2,29.8,,17.3,41.5,58.8,17.5
Li,2.0,Mg,96.0,,,,,,,,,C,2.0,,,,,,,,,,Impregnation,973,0.75,0.25,3.0,1.0,0.05 ,63.9,22.1,,24.7,38.1,62.8,13.9
Li,5.0,Mg,90.0,,,,,,,,,C,5.0,,,,,,,,,,Impregnation,973,0.75,0.25,3.0,1.0,0.05 ,27.8,11.8,,16.2,36.8,53.0,6.3
Li,0.5,Ni,49.5,Ti,50.0,,,,,,,,,,,,,,,,,,Impregnation,1073,0.27,0.13,2.1,1.0,0.40 ,,20.1,,,,49.1,9.9
Li,0.5,Ni,49.5,Ti,50.0,,,,,,,,,,,,,,,,,,Impregnation,1123,0.27,0.13,2.1,1.0,0.40 ,,35.5,,,,47.0,16.7
Li,9.0,Ni,41.0,Ti,50.0,,,,,,,,,,,,,,,,,,Impregnation,1023,0.32,0.08,4.0,1.0,0.40 ,,18.9,,,,69.7,13.2
Li,9.0,Ni,41.0,Ti,50.0,,,,,,,,,,,,,,,,,,Impregnation,1073,0.27,0.13,2.1,1.0,0.40 ,,38.2,,,,46.6,17.8
Li,47.6,Zr,52.4,,,,,,,,,,,,,,,,,,,,Impregnation,1023,0.88,0.13,7.0,1.0,4.20 ,,15.0,,,,28.2,4.2
Li,6.3,Mg,93.7,,,,,,,,,,,,,,,,,,,,n.a.,1057,0.59,0.09,7.0,1.0,0.72 ,,17.0,,,,74.0,12.6
Li,12.5,Ti,87.5,,,,,,,,,,,,,Cl,,,,,,,n.a.,1033,0.05,0.02,2.5,1.0,0.65 ,,34.0,,59.0,0.0,59.0,20.1
Li,20.0,Mn,80.0,,,,,,,,,,,,,Cl,,,,,,,n.a.,1033,0.05,0.02,2.5,1.0,0.65 ,,41.0,,68.0,0.0,68.0,27.9
Li,33.3,Ni,33.3,Mg,33.4,,,,,,,,,,,,,,,,,,n.a.,953,0.34,0.17,2.0,1.0,0.12 ,,36.1,,,,59.0,21.3
Li,17.6,Pr,82.4,,,,,,,,,,,,,,,,,,,,Therm.decomp.,1023,0.81,0.13,6.1,1.0,0.11 ,95.0,16.0,,,,65.0,10.4
Li,75.0,,,,,,,,,,,P,25.0,,,,,,,,,,Precipitation,1048,0.27,0.03,8.1,1.0,1.20 ,,6.0,22.0,19.0,55.0,74.0,4.4
Li,23.7,Pb,4.1,Ca,72.2,,,,,,,,,,,,,,,,,,Precipitation,973,0.13,0.07,2.0,1.0,3.60 ,42.0,37.0,,,,22.7,8.4
Li,9.1,Mg,90.9,,,,,,,,,,,,,,,,,,,,n.a.,1023,0.89,0.11,8.0,1.0,0.18 ,,20.0,,,,79.0,15.8
Li,18.8,Mg,62.4,,,,,,,,,Cl,18.8,,,,,,,,,,Sol-gel,913,0.10,0.05,1.9,1.0,7.20 ,90.0,37.0,43.0,45.0,8.0,52.9,19.6
Li,27.0,Mg,73.0,,,,,,,,,,,,,,,,,,,,n.a.,1073,0.28,0.13,2.1,1.0,0.48 ,49.0,27.0,36.0,34.0,30.0,64.0,17.3
Li,28.6,Mg,71.4,,,,,,,,,,,,,,,,,,,,n.a.,1073,0.20,0.10,2.0,1.0,0.65 ,,24.0,,,,75.0,18.0
Li,24.2,Mg,75.8,,,,,,,,,,,,,,,,,,,,n.a.,923,0.09,0.04,2.1,1.0,5.20 ,,32.0,,48.0,7.0,55.0,17.6
Li,40.0,Mg,40.0,Nd,20.0,,,,,,,,,,,,,,,,,,Sol-gel,1193,0.47,0.12,4.0,1.0,0.11 ,,28.1,,32.4,27.4,59.8,16.8
Li,57.0,Mg,29.0,Nd,14.0,,,,,,,,,,,,,,,,,,Sol-gel,1193,0.47,0.12,4.0,1.0,0.11 ,,27.1,,29.8,29.7,59.5,16.1
Li,14.0,Mg,57.0,Nd,29.0,,,,,,,,,,,,,,,,,,Sol-gel,1193,0.47,0.12,4.0,1.0,0.11 ,,26.9,,26.4,28.9,55.3,14.9
Li,3.0,Mg,65.0,Nd,32.0,,,,,,,,,,,,,,,,,,Sol-gel,1193,0.47,0.12,4.0,1.0,0.11 ,,25.8,,25.6,27.8,53.4,13.8
Li,0.8,Mg,66.1,Nd,33.1,,,,,,,,,,,,,,,,,,Sol-gel,1193,0.47,0.12,4.0,1.0,0.11 ,,23.6,,21.5,25.8,47.3,11.2
Li,40.0,Mg,40.0,La,20.0,,,,,,,,,,,,,,,,,,Sol-gel,1193,0.47,0.12,4.0,1.0,0.11 ,,27.0,,28.9,25.9,54.8,14.8
Li,40.0,Mg,40.0,Nd,20.0,,,,,,,,,,,,,,,,,,Therm.decomp.,1193,0.47,0.12,4.0,1.0,0.11 ,,26.9,,29.2,29.0,58.2,15.7
Li,0.8,Mg,66.1,Nd,33.1,,,,,,,,,,,,,,,,,,Therm.decomp.,1193,0.47,0.12,4.0,1.0,0.11 ,,22.4,,18.6,23.7,42.3,9.5
Li,20.0,La,15.0,Ca,15.0,Mn,15.0,,,,,C,20.0,,,,Co,15.0,,,,,Therm.decomp.,1023,0.90,0.20,4.5,1.0,1.80 ,,3.5,,,,95.8,3.4
Li,35.0,Mg,35.0,,,,,,,,,,,,,,Al,30.0,,,,,Sol-gel,944,0.60,0.40,1.5,1.0,22.00 ,99.4,41.7,,16.2,11.3,27.5,11.5
Li,15.0,Mg,15.0,,,,,,,,,,,,,,Al,70.0,,,,,Sol-gel,1069,0.95,0.05,19.0,1.0,2.90 ,99.5,6.6,,24.7,30.2,54.9,3.6
Li,42.5,Mg,42.5,,,,,,,,,,,,,,Al,15.0,,,,,Sol-gel,1069,0.95,0.05,19.0,1.0,2.90 ,99.1,8.8,,26.0,52.9,78.9,6.9
Li,29.2,Ca,58.4,,,,,,,,,,,,,,Al,12.4,,,,,Sol-gel,916,0.91,0.09,10.1,1.0,2.20 ,46.2,5.8,,12.6,70.3,82.9,4.8
Li,42.5,Mg,42.5,,,,,,,,,,,,,,Si,15.0,,,,,Sol-gel,1097,0.91,0.09,10.1,1.0,2.20 ,99.0,15.0,,41.9,30.4,72.3,10.8
Li,16.7,Zr,66.6,,,,,,,,,Cl,16.7,,,,,,,,,,Sol-gel,1023,0.32,0.08,4.0,1.0,0.48 ,50.0,9.6,51.0,33.0,16.0,49.0,4.7
Li,44.4,Mg,33.4,,,,,,,,,C,22.2,,,,,,,,,,Therm.decomp.,1023,0.20,0.05,4.0,1.0,0.24 ,50.5,12.4,29.1,17.2,53.7,70.9,8.8
Li,3.0,Mg,94.0,,,,,,,,,Cl,3.0,,,,,,,,,,Therm.decomp.,1023,0.20,0.05,4.0,1.0,0.24 ,48.2,11.8,59.6,10.1,30.3,40.4,4.8
Li,8.8,Mg,85.0,,,,,,,,,Cl,3.5,C,2.7,,,,,,,,Therm.decomp.,1023,0.20,0.05,4.0,1.0,0.24 ,52.4,13.6,56.8,16.1,27.2,43.3,5.9
Li,17.2,Mg,82.8,,,,,,,,,,,,,,,,,,,,n.a.,973,0.48,0.11,4.4,1.0,8.80 ,,23.0,31.0,40.0,24.0,64.0,14.7
Li,22.2,Ca,77.8,,,,,,,,,,,,,,,,,,,,n.a.,984,0.48,0.11,4.4,1.0,8.80 ,,20.0,28.0,39.0,27.0,66.0,13.2
Li,29.4,Zn,70.6,,,,,,,,,,,,,,,,,,,,n.a.,993,0.51,0.15,3.5,1.0,8.80 ,,13.0,23.0,32.0,42.0,74.0,9.6
Li,45.5,La,54.5,,,,,,,,,,,,,,,,,,,,n.a.,983,0.48,0.11,4.4,1.0,8.80 ,,21.0,33.0,39.0,22.0,61.0,12.8
Li,25.0,Ti,25.0,Ca,50.0,,,,,,,,,,,,,,,,,,n.a.,980,0.48,0.11,4.4,1.0,8.80 ,,17.0,24.0,40.0,31.0,71.0,12.1
Li,25.0,Ti,25.0,Sr,50.0,,,,,,,,,,,,,,,,,,n.a.,983,0.48,0.11,4.4,1.0,8.80 ,,15.0,30.0,32.0,34.0,66.0,9.9
Li,9.6,Mg,90.4,,,,,,,,,,,,,,,,,,,,n.a.,941,0.51,0.10,5.0,1.0,7.20 ,,10.0,,,,57.0,5.7
Li,15.0,Ca,85.0,,,,,,,,,,,,,,,,,,,,n.a.,978,0.51,0.10,5.0,1.0,7.20 ,,19.0,,,,59.0,11.2
Li,25.6,Zn,74.4,,,,,,,,,,,,,,,,,,,,n.a.,973,0.51,0.10,5.0,1.0,7.20 ,,9.0,,,,68.0,6.1
Li,9.1,Mg,90.9,,,,,,,,,,,,,,,,,,,,Therm.decomp.,1018,0.80,0.20,4.0,1.0,0.35 ,,28.1,,,,57.4,16.1
Li,3.0,,,,,,,,,,,,,,,,Si,97.0,,,,,Impregnation,1073,0.83,0.17,4.9,1.0,0.90 ,,9.0,,44.0,23.0,67.0,6.0
Li,75.0,,,,,,,,,,,P,25.0,,,,,,,,,,Precipitation,973,0.27,0.03,8.3,1.0,1.20 ,10.0,5.7,,18.8,54.9,73.7,4.2
Li,57.1,Ca,14.3,,,,,,,,,P,28.6,,,,,,,,,,Precipitation,973,0.27,0.03,8.3,1.0,1.20 ,,6.8,,13.2,40.8,54.0,3.7
Li,33.4,Ca,33.3,,,,,,,,,P,33.3,,,,,,,,,,Precipitation,973,0.27,0.03,8.3,1.0,1.20 ,25.0,3.5,,4.7,22.1,26.8,0.9
Li,37.5,,,,,,,,,,,P,12.5,,,,Si,50.0,,,,,Precipitation,973,0.27,0.03,8.3,1.0,1.20 ,,0.4,,0.0,1.3,1.3,0.0
Li,20.0,Zr,60.0,,,,,,,,,Cl,20.0,,,,,,,,,,Impregnation,1023,0.32,0.08,4.0,1.0,0.48 ,39.2,4.8,,18.0,14.0,32.0,1.5
Li,20.0,Zr,60.0,,,,,,,,,Cl,20.0,,,,,,,,,,Precipitation,1023,0.32,0.08,4.0,1.0,0.48 ,44.0,6.4,,22.0,16.0,38.0,2.4
Li,20.0,Zr,60.0,,,,,,,,,Cl,20.0,,,,,,,,,,Sol-gel,1023,0.32,0.08,4.0,1.0,0.48 ,50.0,9.6,,33.0,16.0,49.0,4.7
Li,20.0,Zr,60.0,,,,,,,,,Cl,20.0,,,,,,,,,,Therm.decomp.,1023,0.32,0.08,4.0,1.0,0.48 ,34.0,3.4,,16.0,14.0,30.0,1.0
Li,1.0,Mg,98.0,,,,,,,,,Cl,1.0,,,,,,,,,,Impregnation,1023,0.80,0.20,4.0,1.0,0.24 ,59.0,5.5,,27.0,12.0,39.0,2.1
Li,5.0,Mg,90.0,,,,,,,,,Cl,5.0,,,,,,,,,,Impregnation,1023,0.80,0.20,4.0,1.0,0.24 ,60.0,8.0,,30.0,14.0,44.0,3.5
Li,10.0,Mg,80.0,,,,,,,,,Cl,10.0,,,,,,,,,,Impregnation,1023,0.80,0.20,4.0,1.0,0.24 ,68.0,10.4,,31.0,16.0,47.0,4.9
Li,20.0,Mg,60.0,,,,,,,,,Cl,20.0,,,,,,,,,,Impregnation,1023,0.80,0.20,4.0,1.0,0.24 ,66.0,11.0,,33.0,16.0,49.0,5.4
Li,1.0,Na,1.0,Mg,96.0,,,,,,,Cl,2.0,,,,,,,,,,Impregnation,1023,0.80,0.20,4.0,1.0,0.24 ,70.0,12.8,,46.0,22.0,68.0,8.7
Li,5.0,Na,5.0,Mg,80.0,,,,,,,Cl,10.0,,,,,,,,,,Impregnation,1023,0.80,0.20,4.0,1.0,0.24 ,82.0,22.4,,51.0,27.0,78.0,17.5
Li,10.0,Na,10.0,Mg,60.0,,,,,,,Cl,20.0,,,,,,,,,,Impregnation,1023,0.80,0.20,4.0,1.0,0.24 ,85.0,21.5,,52.0,28.0,80.0,17.2
Li,20.0,Na,20.0,Mg,20.0,,,,,,,Cl,40.0,,,,,,,,,,Impregnation,1023,0.80,0.20,4.0,1.0,0.24 ,86.0,19.0,,39.0,22.0,61.0,11.6
Li,1.0,Cs,1.0,Mg,96.0,,,,,,,Cl,2.0,,,,,,,,,,Impregnation,1023,0.80,0.20,4.0,1.0,0.24 ,72.0,13.2,,49.0,20.0,69.0,9.1
Li,5.0,Cs,5.0,Mg,80.0,,,,,,,Cl,10.0,,,,,,,,,,Impregnation,1023,0.80,0.20,4.0,1.0,0.24 ,85.0,22.8,,53.0,28.0,81.0,18.5
Li,10.0,Cs,10.0,Mg,60.0,,,,,,,Cl,20.0,,,,,,,,,,Impregnation,1023,0.80,0.20,4.0,1.0,0.24 ,86.0,22.0,,52.0,27.0,79.0,17.4
Li,20.0,Cs,20.0,Mg,20.0,,,,,,,Cl,40.0,,,,,,,,,,Impregnation,1023,0.80,0.20,4.0,1.0,0.24 ,88.0,19.2,,42.0,21.0,63.0,12.1
Li,50.0,Y,50.0,,,,,,,,,,,,,,,,,,,,Therm.decomp.,1000,0.18,0.03,6.0,1.0,1.60 ,90.0,27.0,,26.0,38.0,64.0,17.3
Li,15.0,Na,15.0,,,,,,,,,,,,,,Si,70.0,,,,,Impregnation,1048,0.28,0.04,7.3,1.0,3.00 ,,0.5,,,,50.0,0.3
Li,15.0,K,15.0,,,,,,,,,,,,,,Si,70.0,,,,,Impregnation,1048,0.28,0.04,7.3,1.0,3.00 ,,1.0,,,,81.0,0.8
Li,15.0,Rb,15.0,,,,,,,,,,,,,,Si,70.0,,,,,Impregnation,1048,0.28,0.04,7.3,1.0,3.00 ,,1.5,,,,30.0,0.4
Li,15.0,Cs,15.0,,,,,,,,,,,,,,Si,70.0,,,,,Impregnation,1048,0.28,0.04,7.3,1.0,3.00 ,,9.0,,,,24.0,2.2
Li,5.0,Mg,90.0,,,,,,,,,Cl,5.0,,,,,,,,,,Sol-gel,1023,0.81,0.20,4.0,1.0,0.24 ,68.0,10.4,53.0,31.0,16.0,47.0,4.9
Li,2.5,Na,2.5,Mg,90.0,,,,,,,Cl,5.0,,,,,,,,,,Sol-gel,1023,0.81,0.20,4.0,1.0,0.24 ,82.0,22.4,22.0,51.0,27.0,78.0,17.5
Li,2.5,K,2.5,Mg,90.0,,,,,,,Cl,5.0,,,,,,,,,,Sol-gel,1023,0.81,0.20,4.0,1.0,0.24 ,81.0,16.0,32.0,43.0,25.0,68.0,10.9
Li,2.5,Rb,2.5,Mg,90.0,,,,,,,Cl,5.0,,,,,,,,,,Sol-gel,1023,0.81,0.20,4.0,1.0,0.24 ,82.0,14.2,40.0,39.0,21.0,60.0,8.5
Li,2.5,Cs,2.5,Mg,90.0,,,,,,,Cl,5.0,,,,,,,,,,Sol-gel,1023,0.81,0.20,4.0,1.0,0.24 ,85.0,22.8,19.0,53.0,28.0,81.0,18.5
Li,19.0,Ti,81.0,,,,,,,,,,,,,,,,,,,,Therm.decomp.,1173,0.50,0.16,3.1,1.0,0.25 ,90.0,12.0,,,,70.0,8.4
Li,1.4,Sr,20.0,Mg,78.6,,,,,,,,,,,,,,,,,,Precipitation,1123,0.95,0.05,19.0,1.0,0.05 ,100.0,10.0,,,,88.0,8.8
Li,0.8,Ba,20.0,Mg,79.2,,,,,,,,,,,,,,,,,,Precipitation,1123,0.95,0.05,19.0,1.0,0.05 ,100.0,10.0,,,,86.0,8.6
Li,18.8,Mg,62.4,,,,,,,,,Cl,18.8,,,,,,,,,,Sol-gel,923,0.13,0.05,2.6,1.0,7.20 ,85.0,36.3,43.3,49.7,6.9,56.6,20.5
Li,1.0,Mn,49.5,Mo,49.5,,,,,,,,,,,,,,,,,,Impregnation,973,0.40,0.20,2.0,1.0,7.20 ,16.0,6.4,63.0,,,24.0,1.5
Li,33.3,Mn,33.3,Mg,33.4,,,,,,,,,,,,,,,,,,Impregnation,1023,0.75,0.25,3.0,1.0,0.25 ,,25.9,,,,25.0,6.5
Li,11.0,Ca,89.0,,,,,,,,,,,,,,,,,,,,Therm.decomp.,1013,0.67,0.07,9.6,1.0,1.37 ,96.0,16.0,,29.0,34.0,63.0,10.1
Li,1.0,Mn,9.0,Ti,90.0,,,,,,,,,,,,,,,,,,Impregnation,1073,0.75,0.25,3.0,1.0,2.10 ,,22.1,,55.2,,71.5,15.8
Li,1.0,La,0.7,Mn,8.3,Ti,90.0,,,,,,,,,,,,,,,,Impregnation,1073,0.75,0.25,3.0,1.0,2.10 ,,27.5,,61.2,,76.1,20.9
Li,6.6,Sr,7.4,,,,,,,,,,,,,,Si,86.0,,,,,Impregnation,1048,0.28,0.04,7.1,1.0,3.00 ,,4.0,,43.0,15.0,58.0,2.3
Li,23.0,W,3.8,,,,,,,,,,,,,,Si,73.2,,,,,Impregnation,1073,0.43,0.14,3.1,1.0,0.15 ,,17.4,,,,50.9,8.9
Li,16.1,Zn,32.9,,,,,,,,,Cl,16.1,,,,Al,34.9,,,,,Precipitation,1023,0.08,0.04,2.0,1.0,0.60 ,,29.0,20.9,78.0,1.8,79.8,23.1
Li,24.6,Pb,4.0,Ca,71.4,,,,,,,,,,,,,,,,,,Therm.decomp.,1023,0.07,0.03,2.0,1.0,1.80 ,,34.0,,,,36.0,12.2
Li,16.7,La,45.8,Ba,37.5,,,,,,,,,,,,,,,,,,Impregnation,1023,0.38,0.13,2.9,1.0,0.54 ,,22.9,31.6,32.9,32.7,65.6,15.0
Li,20.0,Fe,80.0,,,,,,,,,,,,,,,,,,,,Impregnation,1000,0.67,0.33,2.0,1.0,2.00 ,,55.0,,,,5.0,2.8
Li,9.0,Ni,1.1,Mg,89.9,,,,,,,,,,,,,,,,,,Therm.decomp.,978,0.30,0.12,2.5,1.0,0.01 ,,25.0,,,,36.5,9.1
Li,5.0,Ca,50.0,Ti,45.0,,,,,,,,,,,,,,,,,,Therm.decomp.,1073,0.08,0.04,2.0,1.0,1.80 ,,40.0,,,,50.0,20.0
Li,23.4,Mg,76.6,,,,,,,,,,,,,,,,,,,,Impregnation,1073,0.56,0.19,2.9,1.0,2.30 ,,37.1,,,,52.0,19.3
Li,5.0,Zr,95.0,,,,,,,,,,,,,,,,,,,,Impregnation,1073,0.15,0.05,3.0,1.0,0.60 ,,17.2,49.9,27.2,22.9,50.1,8.6
Li,5.0,Zr,89.0,,,,,,,,,S,6.0,,,,,,,,,,Impregnation,1073,0.15,0.05,3.0,1.0,0.60 ,,32.1,21.0,58.3,20.7,79.0,25.4
Li,5.0,Zr,89.0,,,,,,,,,S,6.0,,,,,,,,,,Impregnation,1073,0.10,0.05,2.0,1.0,0.60 ,,43.3,21.0,58.3,20.7,79.0,34.2
Li,5.0,Mg,95.0,,,,,,,,,,,,,,,,,,,,Precipitation,1073,0.30,0.10,3.0,1.0,2.20 ,,37.5,,,,51.4,19.3
Li,24.0,Sr,38.0,Ce,36.1,Yb,1.9,,,,,,,,,,,,,,,,Therm.decomp.,893,0.44,0.11,4.0,1.0,0.33 ,,18.0,,28.4,44.6,73.0,13.1
Li,24.0,Ba,38.0,Ce,35.3,La,2.7,,,,,,,,,,,,,,,,Therm.decomp.,883,0.44,0.11,4.0,1.0,0.33 ,,18.3,,31.6,41.0,72.6,13.3
Li,9.1,Mg,90.9,,,,,,,,,,,,,,,,,,,,Impregnation,1023,0.80,0.20,4.0,1.0,0.35 ,,27.6,,,,64.0,17.7
Li,65.9,Zr,17.1,,,,,,,,,S,17.0,,,,,,,,,,Impregnation,1000,0.15,0.05,3.0,1.0,0.67 ,,20.0,,,,70.0,14.0
Li,0.7,Mg,99.3,,,,,,,,,,,,,,,,,,,,Impregnation,1173,0.50,0.21,2.4,1.0,1.50 ,93.0,23.3,,44.0,16.0,60.0,14.0
Li,10.0,Mg,90.0,,,,,,,,,,,,,,,,,,,,Impregnation,1173,0.50,0.21,2.4,1.0,1.50 ,,22.5,,47.9,7.2,55.1,12.4
Li,0.6,,,,,,,,,,,,,,,,Si,99.4,,,,,Impregnation,1173,0.50,0.21,2.4,1.0,1.50 ,,14.2,,30.2,9.0,39.2,5.6
Li,3.0,,,,,,,,,,,,,,,,Al,97.0,,,,,Impregnation,1173,0.50,0.21,2.4,1.0,1.50 ,60.0,14.9,,31.2,10.2,41.4,6.2
Li,0.5,,,,,,,,,,,,,,,,Ti,99.5,,,,,Impregnation,1173,0.50,0.21,2.4,1.0,1.50 ,,20.5,,37.1,10.1,47.2,9.7
Li,25.0,Sb,25.0,Te,50.0,,,,,,,,,,,,,,,,,,Therm.decomp.,973,0.17,0.03,5.1,1.0,1.20 ,,17.0,,58.0,8.0,66.0,11.2
Li,1.8,,,,,,,,,,,,,,,,Si,98.2,,,,,Impregnation,1123,0.09,0.02,4.5,1.0,1.80 ,,6.0,,,0.0,0.0,0.0
Li,1.2,W,0.6,,,,,,,,,,,,,,Si,98.2,,,,,Impregnation,1123,0.09,0.02,4.5,1.0,1.80 ,,36.0,,,26.0,27.0,9.7
Li,12.9,Mg,87.1,,,,,,,,,,,,,,,,,,,,Impregnation,1173,0.09,0.02,4.1,1.0,0.45 ,,25.0,,,,97.0,24.3
Li,9.1,Mg,90.9,,,,,,,,,,,,,,,,,,,,Precipitation,1023,0.75,0.25,3.0,1.0,0.35 ,,36.1,,,,60.1,21.7
Li,16.7,Mg,83.3,,,,,,,,,,,,,,,,,,,,Impregnation,1053,0.41,0.20,2.0,1.0,0.24 ,,25.1,,28.0,24.0,52.0,13.1
Li,16.7,Y,83.3,,,,,,,,,,,,,,,,,,,,Impregnation,1053,0.41,0.20,2.0,1.0,0.24 ,,39.9,,27.0,19.0,46.0,18.4
Li,16.7,La,83.3,,,,,,,,,,,,,,,,,,,,Impregnation,1053,0.41,0.20,2.0,1.0,0.24 ,,19.8,,32.0,28.0,60.0,11.9
Li,16.7,Sm,83.3,,,,,,,,,,,,,,,,,,,,Impregnation,1053,0.41,0.20,2.0,1.0,0.24 ,,22.3,,28.0,29.0,57.0,12.7
Li,16.7,Ho,83.3,,,,,,,,,,,,,,,,,,,,Impregnation,1053,0.41,0.20,2.0,1.0,0.24 ,,34.7,,23.0,16.0,39.0,13.5
Li,5.0,La,50.0,Al,45.0,,,,,,,,,,,,,,,,,,Sol-gel,1013,0.33,0.07,5.0,1.0,,,17.0,,,,4.8,0.8
Li,18.2,La,15.5,Pr,6.1,Nd,8.1,,,,,,,,,,Ce,52.1,,,,,Precipitation,1123,0.61,0.08,7.3,1.0,0.34 ,,17.2,,,,76.5,13.2
Li,8.9,W,4.5,Mn,3.5,,,,,,,,,,,,Si,83.1,,,,,Impregnation,1073,0.76,0.24,3.2,1.0,0.14 ,,20.5,35.9,35.4,28.7,64.1,13.1
Li,0.6,Mg,99.4,,,,,,,,,,,,,,,,,,,,Therm.decomp.,1023,0.50,0.10,5.0,1.0,0.36 ,95.9,24.7,,28.8,18.9,47.7,11.8
Li,6.1,Mg,93.9,,,,,,,,,,,,,,,,,,,,Therm.decomp.,1023,0.50,0.10,5.0,1.0,0.36 ,96.2,28.9,,43.3,25.7,69.0,19.9
Li,15.3,Mg,84.7,,,,,,,,,,,,,,,,,,,,Therm.decomp.,1023,0.50,0.10,5.0,1.0,0.36 ,82.5,27.6,,28.6,25.7,54.3,15.0
Li,30.6,Mg,69.4,,,,,,,,,,,,,,,,,,,,Therm.decomp.,1023,0.50,0.10,5.0,1.0,0.36 ,42.3,16.0,,43.8,20.4,64.2,10.3
Li,6.5,Mn,4.3,W,5.9,,,,,,,,,,,,Si,83.3,,,,,Impregnation,973,0.88,0.12,7.5,1.0,0.30 ,,19.0,,,,79.0,15.0
Li,10.0,Mg,90.0,,,,,,,,,,,,,,,,,,,,n.a.,1073,0.10,0.03,3.0,1.0,0.06 ,22.0,3.0,,,,69.0,2.1
Li,20.0,Mg,80.0,,,,,,,,,,,,,,,,,,,,n.a.,1073,0.10,0.03,3.0,1.0,0.06 ,44.0,7.0,,,,64.0,4.5
Li,30.0,Mg,70.0,,,,,,,,,,,,,,,,,,,,n.a.,1073,0.10,0.03,3.0,1.0,0.06 ,41.0,10.0,,,,62.0,6.2
Li,5.0,Ti,45.0,Sr,50.0,,,,,,,,,,,,,,,,,,Pyrolysis,1123,0.50,0.38,1.3,1.0,0.79 ,,43.2,,,,25.7,11.1
Li,5.0,Ti,45.0,Sr,50.0,,,,,,,,,,,,,,,,,,Sol-gel,1123,0.50,0.38,1.3,1.0,0.79 ,,33.0,,,,3.5,1.2
Li,6.8,Ba,36.4,Sr,27.8,Ti,29.0,,,,,,,,,,,,,,,,Impregnation,1073,0.40,0.20,2.0,1.0,0.60 ,,37.0,,,,59.5,22.0
Li,3.0,Mg,97.0,,,,,,,,,,,,,,,,,,,,Impregnation,1053,0.28,0.07,4.0,1.0,0.86 ,,30.0,,,,65.0,19.5
Li,9.1,Ca,90.9,,,,,,,,,,,,,,,,,,,,Therm.decomp.,1023,0.80,0.20,4.0,1.0,0.70 ,,12.8,,,,68.0,8.7
Li,28.6,Ca,71.4,,,,,,,,,,,,,,,,,,,,Therm.decomp.,1023,0.80,0.20,4.0,1.0,0.70 ,,22.0,,,,62.2,13.7
Li,73.7,La,26.3,,,,,,,,,,,,,,,,,,,,Therm.decomp.,1023,0.18,0.01,16.3,1.0,0.07 ,65.0,1.8,,,,100.0,1.8
Li,10.0,Mg,90.0,,,,,,,,,,,,,,,,,,,,Impregnation,1063,0.68,0.07,10.0,1.0,0.22 ,,12.9,,,,75.0,9.7
Li,37.5,Mg,62.5,,,,,,,,,,,,,,,,,,,,Impregnation,907,0.08,0.05,1.7,1.0,1.00 ,,0.3,,,,56.7,0.2
Li,20.0,Ni,60.0,,,,,,,,,Cl,20.0,,,,,,,,,,Impregnation,1023,0.10,0.05,2.0,1.0,0.60 ,,,,,,,8.0
Li,6.3,Mg,90.6,,,,,,,,,C,3.1,,,,,,,,,,Impregnation,923,0.07,0.03,2.0,1.0,0.16 ,,16.0,,,,24.0,3.8
Li,18.0,Zn,73.0,,,,,,,,,C,9.0,,,,,,,,,,Impregnation,923,0.07,0.03,2.0,1.0,0.16 ,,1.0,,,,30.0,0.3
Li,6.3,Mg,90.6,,,,,,,,,C,3.1,,,,,,,,,,Impregnation,973,0.07,0.03,2.0,1.0,0.16 ,,24.0,,,,28.0,6.7
Li,18.0,Zn,73.0,,,,,,,,,C,9.0,,,,,,,,,,Impregnation,973,0.07,0.03,2.0,1.0,0.16 ,,3.0,,,,37.0,1.1
Li,6.3,Mg,90.6,,,,,,,,,C,3.1,,,,,,,,,,Impregnation,1023,0.07,0.03,2.0,1.0,0.16 ,,25.0,,,,40.0,10.0
Li,18.0,Zn,73.0,,,,,,,,,C,9.0,,,,,,,,,,Impregnation,1023,0.07,0.03,2.0,1.0,0.16 ,,17.0,,,,36.0,6.1
Li,10.0,Al,90.0,,,,,,,,,,,,,,,,,,,,n.a.,1073,0.86,0.14,6.1,1.0,0.50 ,91.0,8.0,,,,21.0,1.7
Li,15.9,Mg,84.1,,,,,,,,,,,,,,,,,,,,Impregnation,973,0.91,0.09,10.0,1.0,0.30 ,100.0,5.0,,,,76.0,3.8
Li,62.3,Zr,37.7,,,,,,,,,,,,,,,,,,,,Impregnation,973,0.91,0.09,10.0,1.0,0.30 ,50.0,2.0,,,,70.0,1.4
Li,15.9,Mg,84.1,,,,,,,,,,,,,,,,,,,,Impregnation,1023,0.91,0.09,10.0,1.0,0.30 ,100.0,12.0,,,,80.0,9.6
Li,62.3,Zr,37.7,,,,,,,,,,,,,,,,,,,,Impregnation,1023,0.91,0.09,10.0,1.0,0.30 ,50.0,3.0,,,,80.0,2.4
Li,15.9,Mg,84.1,,,,,,,,,,,,,,,,,,,,Impregnation,1073,0.91,0.09,10.0,1.0,0.30 ,100.0,16.0,,,,85.0,13.6
Li,62.3,Zr,37.7,,,,,,,,,,,,,,,,,,,,Impregnation,1073,0.91,0.09,10.0,1.0,0.30 ,50.0,4.0,,,,84.0,3.4
Li,26.8,Zr,0.4,Mg,72.8,,,,,,,,,,,,,,,,,,Impregnation,1013,0.82,0.18,4.6,1.0,0.30 ,100.0,20.0,,,,55.0,11.0
Li,9.0,Ni,1.1,Mg,89.9,,,,,,,,,,,,,,,,,,Therm.decomp.,978,0.30,0.12,2.5,1.0,4.80 ,100.0,25.0,,,,36.6,9.1
Li,0.4,Ca,99.6,,,,,,,,,,,,,,,,,,,,Impregnation,1023,0.30,0.15,2.0,1.0,0.06 ,9.0,5.0,,,,55.0,2.8
Li,5.1,Ti,94.9,,,,,,,,,,,,,,,,,,,,Therm.decomp.,1073,0.03,0.03,1.0,1.0,4.00 ,,45.0,,,,58.0,26.1
Li,5.1,Zn,94.9,,,,,,,,,,,,,,,,,,,,Therm.decomp.,1073,0.03,0.03,1.0,1.0,8.00 ,,25.0,,,,32.0,8.0
Li,23.8,Pr,76.2,,,,,,,,,,,,,,,,,,,,Impregnation,1048,0.50,0.10,4.8,1.0,1.50 ,,8.2,,,,89.4,7.3
Li,5.00 ,Mg,95.00 ,,,,,,,,,,,,,,,,,,,,Citric acid method,1073 ,0.32 ,0.08 ,4.0 ,1.0 ,0.18 ,80.5 ,19.1 ,44.5 ,,,55.5 ,10.6 
Li,23.00 ,La,77.00 ,,,,,,,,,,,,,,,,,,,,Citric acid method,1073 ,0.32 ,0.08 ,4.0 ,1.0 ,0.00 ,82.1 ,24.1 ,45.6 ,,,54.4 ,13.1 
Li,23.00 ,La,51.33 ,Mg,25.67 ,,,,,,,,,,,,,,,,,,Citric acid method,1073 ,0.32 ,0.08 ,4.0 ,1.0 ,0.00 ,92.4 ,28.5 ,47.0 ,,,53.0 ,15.1 
Li,5.00 ,Ti,47.50 ,Ni,47.50 ,,,,,,,,,,,,,,,,,,Citric acid method,1073 ,0.32 ,0.08 ,4.0 ,1.0 ,0.00 ,72.4 ,2.1 ,27.6 ,,,72.4 ,1.5 
Li,5.00 ,Ti,47.50 ,Ni,47.50 ,,,,,,,,,,,,,,,,,,Citric acid method,1073 ,0.32 ,0.08 ,4.0 ,1.0 ,0.00 ,59.9 ,22.2 ,40.1 ,,,59.9 ,13.3 
Li,4.74 ,Ce,0.47 ,,,,,,,,,,,,,,Mg,94.79 ,,,,,Impregnation,973 ,0.50 ,0.10 ,5.0 ,1.0 ,0.13 ,,7.0 ,,,,53.1 ,3.7 
Li,4.74 ,Ce,0.47 ,,,,,,,,,,,,,,Mg,94.79 ,,,,,Impregnation,1023 ,0.50 ,0.10 ,5.0 ,1.0 ,0.13 ,,13.0 ,,,,59.9 ,7.8 
Li,4.74 ,Ce,0.47 ,,,,,,,,,,,,,,Mg,94.79 ,,,,,Impregnation,1073 ,0.50 ,0.10 ,5.0 ,1.0 ,0.13 ,,21.7 ,,,,64.4 ,13.9 
Li,4.76 ,,,,,,,,,,,,,,,,Mg,95.24 ,,,,,Impregnation,973 ,0.50 ,0.10 ,5.0 ,1.0 ,0.13 ,,5.5 ,,,,36.6 ,2.0 
Li,4.76 ,,,,,,,,,,,,,,,,Mg,95.24 ,,,,,Impregnation,1023 ,0.50 ,0.10 ,5.0 ,1.0 ,0.13 ,,11.2 ,,,,47.8 ,5.4 
Li,4.76 ,,,,,,,,,,,,,,,,Mg,95.24 ,,,,,Impregnation,1073 ,0.50 ,0.10 ,5.0 ,1.0 ,0.13 ,,17.4 ,,,,55.9 ,9.7 
Li,2.10 ,W,1.05 ,Mn,2.25 ,,,,,,,,,,,,Si,94.60 ,,,,,Solid-phase technique,1015 ,0.68 ,0.32 ,2.1 ,1.0 ,0.14 ,3.0 ,1.0 ,20.0 ,16.0 ,64.0 ,80.0 ,0.8 
Li,2.10 ,W,1.05 ,Mn,2.25 ,,,,,,,,,,,,Si,94.60 ,,,,,Solid-phase technique,1055 ,0.70 ,0.30 ,2.3 ,1.0 ,0.14 ,20.0 ,5.0 ,17.0 ,21.0 ,61.0 ,83.0 ,4.2 
Li,2.10 ,W,1.05 ,Mn,2.25 ,,,,,,,,,,,,Si,94.60 ,,,,,Solid-phase technique,1074 ,0.67 ,0.33 ,2.0 ,1.0 ,0.14 ,17.0 ,11.0 ,18.0 ,30.0 ,50.0 ,82.0 ,9.0 
Li,2.10 ,W,1.05 ,Mn,2.25 ,,,,,,,,,,,,Si,94.60 ,,,,,Solid-phase technique,1127 ,0.68 ,0.32 ,2.1 ,1.0 ,0.14 ,92.0 ,45.0 ,47.0 ,36.0 ,12.0 ,53.0 ,23.9 
Li,2.10 ,W,1.05 ,Mn,2.25 ,,,,,,,,,,,,Si,94.60 ,,,,,Solid-phase technique,1158 ,0.69 ,0.31 ,2.2 ,1.0 ,0.14 ,94.0 ,46.0 ,49.0 ,36.0 ,10.0 ,51.0 ,23.5 
Li,2.10 ,W,1.05 ,Mn,2.25 ,,,,,,,,,,,,Si,94.60 ,,,,,Solid-phase technique,1170 ,0.68 ,0.32 ,2.1 ,1.0 ,0.14 ,97.0 ,45.0 ,54.0 ,33.0 ,9.0 ,46.0 ,20.7 
Li,2.10 ,W,1.05 ,Mn,2.25 ,,,,,,,,,,,,Si,94.60 ,,,,,Solid-phase technique,1205 ,0.70 ,0.30 ,2.3 ,1.0 ,0.14 ,98.0 ,44.0 ,55.0 ,32.0 ,8.0 ,45.0 ,19.8 
Li,2.10 ,W,1.05 ,Mn,2.25 ,,,,,,,,,,,,Si,94.60 ,,,,,Solid-phase technique,1103 ,0.76 ,0.24 ,3.2 ,1.0 ,0.14 ,23.0 ,15.0 ,15.0 ,36.0 ,39.0 ,85.0 ,12.8 
Li,2.10 ,W,1.05 ,Mn,2.25 ,,,,,,,,,,,,Si,94.60 ,,,,,Solid-phase technique,1170 ,0.76 ,0.24 ,3.2 ,1.0 ,0.14 ,94.0 ,34.0 ,39.0 ,42.0 ,14.0 ,61.0 ,20.7 
Li,2.10 ,W,1.05 ,Mn,2.25 ,,,,,,,,,,,,Si,94.60 ,,,,,Solid-phase technique,1199 ,0.76 ,0.24 ,3.2 ,1.0 ,0.14 ,96.0 ,33.0 ,40.0 ,41.0 ,13.0 ,60.0 ,19.8 
Li,2.10 ,W,1.05 ,Mn,2.25 ,,,,,,,,,,,,Si,94.60 ,,,,,Solid-phase technique,1217 ,0.76 ,0.24 ,3.2 ,1.0 ,0.14 ,98.0 ,33.0 ,43.0 ,40.0 ,12.0 ,57.0 ,18.8 
Li,2.10 ,W,1.05 ,Mn,2.25 ,,,,,,,,,,,,Si,94.60 ,,,,,Solid-phase technique,1155 ,0.80 ,0.20 ,4.0 ,1.0 ,0.14 ,89.0 ,30.0 ,31.0 ,46.0 ,17.0 ,69.0 ,20.7 
Li,2.10 ,W,1.05 ,Mn,2.25 ,,,,,,,,,,,,Si,94.60 ,,,,,Solid-phase technique,1188 ,0.80 ,0.20 ,4.0 ,1.0 ,0.14 ,95.0 ,27.0 ,35.0 ,44.0 ,14.0 ,65.0 ,17.6 
Li,2.10 ,W,1.05 ,Mn,2.25 ,,,,,,,,,,,,Si,94.60 ,,,,,Solid-phase technique,1203 ,0.80 ,0.20 ,4.0 ,1.0 ,0.14 ,96.0 ,27.0 ,37.0 ,44.0 ,13.0 ,63.0 ,17.0 
Li,2.10 ,W,1.05 ,Mn,2.25 ,,,,,,,,,,,,Si,94.60 ,,,,,Solid-phase technique,1211 ,0.80 ,0.20 ,4.0 ,1.0 ,0.14 ,96.0 ,27.0 ,38.0 ,43.0 ,12.0 ,62.0 ,16.7 
Li,2.10 ,W,1.05 ,Mn,2.25 ,,,,,,,,,,,,Si,94.60 ,,,,,Solid-phase technique,1176 ,0.68 ,0.32 ,2.1 ,1.0 ,0.14 ,84.0 ,31.0 ,37.0 ,46.0 ,8.0 ,63.0 ,19.5 
Li,15.02 ,Sm,4.78 ,,,,,,,,,,,,,,Mg,80.19 ,,,,,Impregnation,823 ,0.80 ,0.20 ,4.0 ,1.0 ,1.50 ,,0.8 ,,,,0.7 ,0.0 
Li,15.02 ,Sm,4.78 ,,,,,,,,,,,,,,Mg,80.19 ,,,,,Impregnation,848 ,0.80 ,0.20 ,4.0 ,1.0 ,1.50 ,,1.0 ,,,,1.2 ,0.0 
Li,15.02 ,Sm,4.78 ,,,,,,,,,,,,,,Mg,80.19 ,,,,,Impregnation,873 ,0.80 ,0.20 ,4.0 ,1.0 ,1.50 ,,2.7 ,,,,30.6 ,0.8 
Li,15.02 ,Sm,4.78 ,,,,,,,,,,,,,,Mg,80.19 ,,,,,Impregnation,898 ,0.80 ,0.20 ,4.0 ,1.0 ,1.50 ,,23.0 ,,,,66.1 ,15.2 
Li,15.02 ,Sm,4.78 ,,,,,,,,,,,,,,Mg,80.19 ,,,,,Impregnation,923 ,0.80 ,0.20 ,4.0 ,1.0 ,1.50 ,,23.6 ,,,,64.9 ,15.3 
Li,15.02 ,Sm,4.78 ,,,,,,,,,,,,,,Mg,80.19 ,,,,,Impregnation,948 ,0.80 ,0.20 ,4.0 ,1.0 ,1.50 ,,23.2 ,,,,63.5 ,14.7 
Li,15.02 ,Sm,4.78 ,,,,,,,,,,,,,,Mg,80.19 ,,,,,Impregnation,973 ,0.80 ,0.20 ,4.0 ,1.0 ,1.50 ,,21.1 ,,,,62.4 ,13.2 
Li,15.02 ,Sm,4.78 ,,,,,,,,,,,,,,Mg,80.19 ,,,,,Impregnation,993 ,0.80 ,0.20 ,4.0 ,1.0 ,1.50 ,,20.1 ,,,,59.2 ,11.9 
Li,15.02 ,Sm,4.78 ,,,,,,,,,,,,,,Mg,80.19 ,,,,,Impregnation,1013 ,0.80 ,0.20 ,4.0 ,1.0 ,1.50 ,,20.7 ,,,,58.3 ,12.1 
Li,15.02 ,Sm,4.78 ,,,,,,,,,,,,,,Mg,80.19 ,,,,,Impregnation,1033 ,0.80 ,0.20 ,4.0 ,1.0 ,1.50 ,,20.7 ,,,,57.6 ,11.9 
Li,15.02 ,Sm,4.78 ,,,,,,,,,,,,,,Mg,80.19 ,,,,,Impregnation,1053 ,0.80 ,0.20 ,4.0 ,1.0 ,1.50 ,,20.9 ,,,,56.3 ,11.8 
Li,15.02 ,Sm,4.78 ,,,,,,,,,,,,,,Mg,80.19 ,,,,,Impregnation,1073 ,0.80 ,0.20 ,4.0 ,1.0 ,1.50 ,,20.9 ,,,,54.8 ,11.5 
Li,15.06 ,Tb,4.57 ,,,,,,,,,,,,,,Mg,80.37 ,,,,,Impregnation,773 ,0.80 ,0.20 ,4.0 ,1.0 ,1.50 ,,0.0 ,,,,0.6 ,0.0 
Li,15.06 ,Tb,4.57 ,,,,,,,,,,,,,,Mg,80.37 ,,,,,Impregnation,823 ,0.80 ,0.20 ,4.0 ,1.0 ,1.50 ,,15.5 ,,,,57.3 ,8.9 
Li,15.06 ,Tb,4.57 ,,,,,,,,,,,,,,Mg,80.37 ,,,,,Impregnation,873 ,0.80 ,0.20 ,4.0 ,1.0 ,1.50 ,,20.8 ,,,,63.7 ,13.2 
Li,15.06 ,Tb,4.57 ,,,,,,,,,,,,,,Mg,80.37 ,,,,,Impregnation,923 ,0.80 ,0.20 ,4.0 ,1.0 ,1.50 ,,22.8 ,,,,64.6 ,14.7 
Li,15.06 ,Tb,4.57 ,,,,,,,,,,,,,,Mg,80.37 ,,,,,Impregnation,973 ,0.80 ,0.20 ,4.0 ,1.0 ,1.50 ,,22.4 ,,,,63.7 ,14.3 
Li,15.06 ,Tb,4.57 ,,,,,,,,,,,,,,Mg,80.37 ,,,,,Impregnation,1023 ,0.80 ,0.20 ,4.0 ,1.0 ,1.50 ,,22.3 ,,,,62.1 ,13.9 
Li,15.06 ,Tb,4.57 ,,,,,,,,,,,,,,Mg,80.37 ,,,,,Impregnation,1073 ,0.80 ,0.20 ,4.0 ,1.0 ,1.50 ,,21.5 ,,,,58.2 ,12.5 
Li,15.02 ,Sm,4.78 ,,,,,,,,,,,,,,Mg,80.19 ,,,,,Impregnation,973 ,0.80 ,0.20 ,4.0 ,1.0 ,1.50 ,,24.4 ,,,,62.5 ,15.3 
Li,15.02 ,Sm,4.78 ,,,,,,,,,,,,,,Mg,80.19 ,,,,,Impregnation,973 ,0.80 ,0.20 ,4.0 ,1.0 ,1.50 ,,26.7 ,,,,61.1 ,16.3 
Li,15.02 ,Sm,4.78 ,,,,,,,,,,,,,,Mg,80.19 ,,,,,Impregnation,973 ,0.80 ,0.20 ,4.0 ,1.0 ,1.50 ,,25.1 ,,,,58.2 ,14.6 
Li,15.02 ,Sm,4.78 ,,,,,,,,,,,,,,Mg,80.19 ,,,,,Impregnation,973 ,0.80 ,0.20 ,4.0 ,1.0 ,1.50 ,,24.8 ,,,,61.1 ,15.2 
Li,15.06 ,Tb,4.57 ,,,,,,,,,,,,,,Mg,80.37 ,,,,,Impregnation,973 ,0.80 ,0.20 ,4.0 ,1.0 ,1.50 ,,24.9 ,,,,63.8 ,15.9 
Li,15.06 ,Tb,4.57 ,,,,,,,,,,,,,,Mg,80.37 ,,,,,Impregnation,973 ,0.80 ,0.20 ,4.0 ,1.0 ,1.50 ,,23.7 ,,,,63.4 ,15.0 
Li,15.06 ,Tb,4.57 ,,,,,,,,,,,,,,Mg,80.37 ,,,,,Impregnation,973 ,0.80 ,0.20 ,4.0 ,1.0 ,1.50 ,,23.8 ,,,,57.5 ,13.7 
Li,15.06 ,Tb,4.57 ,,,,,,,,,,,,,,Mg,80.37 ,,,,,Impregnation,973 ,0.80 ,0.20 ,4.0 ,1.0 ,1.50 ,,22.7 ,,,,55.4 ,12.6 
Li,12.96 ,,,,,,,,,,,,,,,,Mg,87.04 ,,,,,Impregnation,923 ,0.80 ,0.20 ,4.0 ,1.0 ,1.50 ,,3.6 ,,,,47.4 ,1.7 
Li,12.96 ,,,,,,,,,,,,,,,,Mg,87.04 ,,,,,Impregnation,973 ,0.80 ,0.20 ,4.0 ,1.0 ,1.50 ,,15.9 ,,,,55.7 ,8.9 
Li,12.96 ,,,,,,,,,,,,,,,,Mg,87.04 ,,,,,Impregnation,923 ,0.80 ,0.20 ,4.0 ,1.0 ,1.50 ,,5.1 ,,,,55.6 ,2.8 
Li,12.96 ,,,,,,,,,,,,,,,,Mg,87.04 ,,,,,Impregnation,973 ,0.80 ,0.20 ,4.0 ,1.0 ,1.50 ,,17.9 ,,,,59.1 ,10.6 
Li,15.02 ,Sm,4.78 ,,,,,,,,,,,,,,Mg,80.19 ,,,,,Impregnation,923 ,0.80 ,0.20 ,4.0 ,1.0 ,1.50 ,,5.9 ,,,,56.5 ,3.3 
Li,15.02 ,Sm,4.78 ,,,,,,,,,,,,,,Mg,80.19 ,,,,,Impregnation,973 ,0.80 ,0.20 ,4.0 ,1.0 ,1.50 ,,22.7 ,,,,57.3 ,13.0 
Li,15.06 ,Tb,4.57 ,,,,,,,,,,,,,,Mg,80.37 ,,,,,Impregnation,923 ,0.80 ,0.20 ,4.0 ,1.0 ,1.50 ,,21.9 ,,,,62.1 ,13.6 
Li,15.06 ,Tb,4.57 ,,,,,,,,,,,,,,Mg,80.37 ,,,,,Impregnation,973 ,0.80 ,0.20 ,4.0 ,1.0 ,1.50 ,,23.0 ,,,,60.0 ,13.8 
Li,15.06 ,Tb,4.57 ,,,,,,,,,,,,,,Mg,80.37 ,,,,,Impregnation,973 ,0.80 ,0.20 ,4.0 ,1.0 ,1.50 ,,22.2 ,,,,50.2 ,11.1 
Li,15.02 ,Sm,4.78 ,,,,,,,,,,,,,,Mg,80.19 ,,,,,Microemulsion,973 ,0.80 ,0.20 ,4.0 ,1.0 ,1.50 ,,25.0 ,,,,63.2 ,15.8 
Li,15.02 ,Sm,4.78 ,,,,,,,,,,,,,,Mg,80.19 ,,,,,Microemulsion,973 ,0.80 ,0.20 ,4.0 ,1.0 ,1.50 ,,22.5 ,,,,56.2 ,12.6 
Li,15.06 ,Tb,4.57 ,,,,,,,,,,,,,,Mg,80.37 ,,,,,Microemulsion,973 ,0.80 ,0.20 ,4.0 ,1.0 ,1.50 ,,25.0 ,,,,63.1 ,15.8 
Li,15.06 ,Tb,4.57 ,,,,,,,,,,,,,,Mg,80.37 ,,,,,Microemulsion,973 ,0.80 ,0.20 ,4.0 ,1.0 ,1.50 ,,26.0 ,,,,58.1 ,15.1 
Li,2.08 ,W,1.04 ,Mn,2.23 ,,,,,,,,,,,,Si,94.65 ,,,,,Impregnation,1015 ,0.68 ,0.32 ,2.1 ,1.0 ,0.02 ,3.0 ,1.0 ,20.0 ,16.0 ,64.0 ,80.0 ,1.0 
Li,2.08 ,W,1.04 ,Mn,2.23 ,,,,,,,,,,,,Si,94.65 ,,,,,Impregnation,1074 ,0.67 ,0.33 ,2.0 ,1.0 ,0.02 ,17.0 ,11.0 ,18.0 ,30.0 ,50.0 ,82.0 ,9.0 
Li,2.08 ,W,1.04 ,Mn,2.23 ,,,,,,,,,,,,Si,94.65 ,,,,,Impregnation,1127 ,0.68 ,0.32 ,2.1 ,1.0 ,0.02 ,92.0 ,45.0 ,47.0 ,36.0 ,12.0 ,53.0 ,24.0 
Li,2.08 ,W,1.04 ,Mn,2.23 ,,,,,,,,,,,,Si,94.65 ,,,,,Impregnation,1158 ,0.69 ,0.31 ,2.2 ,1.0 ,0.02 ,94.0 ,46.0 ,49.0 ,36.0 ,10.0 ,51.0 ,23.0 
Li,2.08 ,W,1.04 ,Mn,2.23 ,,,,,,,,,,,,Si,94.65 ,,,,,Impregnation,1170 ,0.68 ,0.32 ,2.1 ,1.0 ,0.02 ,97.0 ,45.0 ,54.0 ,33.0 ,9.0 ,46.0 ,21.0 
Li,2.08 ,W,1.04 ,Mn,2.23 ,,,,,,,,,,,,Si,94.65 ,,,,,Impregnation,1205 ,0.70 ,0.30 ,2.3 ,1.0 ,0.02 ,98.0 ,44.0 ,55.0 ,32.0 ,8.0 ,45.0 ,20.0 
Li,2.08 ,W,1.04 ,Mn,2.23 ,,,,,,,,,,,,Si,94.65 ,,,,,Impregnation,1019 ,0.67 ,0.33 ,2.0 ,1.0 ,0.02 ,0.0 ,0.0 ,0.0 ,0.0 ,0.0 ,0.0 ,0.0 
Li,2.08 ,W,1.04 ,Mn,2.23 ,,,,,,,,,,,,Si,94.65 ,,,,,Impregnation,1044 ,0.67 ,0.33 ,2.0 ,1.0 ,0.02 ,9.0 ,3.0 ,50.0 ,20.0 ,30.0 ,50.0 ,2.0 
Li,2.08 ,W,1.04 ,Mn,2.23 ,,,,,,,,,,,,Si,94.65 ,,,,,Impregnation,1078 ,0.67 ,0.33 ,2.0 ,1.0 ,0.02 ,17.0 ,8.0 ,16.0 ,30.0 ,46.0 ,84.0 ,6.0 
Li,2.08 ,W,1.04 ,Mn,2.23 ,,,,,,,,,,,,Si,94.65 ,,,,,Impregnation,1178 ,0.67 ,0.33 ,2.0 ,1.0 ,0.02 ,85.0 ,38.0 ,35.0 ,43.0 ,16.0 ,65.0 ,24.0 
Li,2.08 ,W,1.04 ,Mn,2.23 ,,,,,,,,,,,,Si,94.65 ,,,,,Impregnation,1004 ,0.66 ,0.34 ,1.9 ,1.0 ,0.02 ,12.0 ,4.0 ,36.0 ,7.0 ,43.0 ,64.0 ,2.0 
Li,2.08 ,W,1.04 ,Mn,2.23 ,,,,,,,,,,,,Si,94.65 ,,,,,Sol-gel,1175 ,0.60 ,0.40 ,1.5 ,1.0 ,0.04 ,35.0 ,34.0 ,46.0 ,33.0 ,18.0 ,54.0 ,18.4 
Li,2.08 ,W,1.04 ,Mn,2.23 ,,,,,,,,,,,,Si,94.65 ,,,,,Sol-gel,1015 ,0.68 ,0.32 ,2.1 ,1.0 ,0.04 ,3.0 ,1.0 ,20.0 ,16.0 ,64.0 ,80.0 ,0.8 
Li,2.08 ,W,1.04 ,Mn,2.23 ,,,,,,,,,,,,Si,94.65 ,,,,,Sol-gel,1074 ,0.67 ,0.33 ,2.0 ,1.0 ,0.04 ,17.0 ,11.0 ,18.0 ,30.0 ,50.0 ,82.0 ,9.0 
Li,2.08 ,W,1.04 ,Mn,2.23 ,,,,,,,,,,,,Si,94.65 ,,,,,Sol-gel,1127 ,0.68 ,0.32 ,2.1 ,1.0 ,0.04 ,92.0 ,45.0 ,47.0 ,36.0 ,12.0 ,53.0 ,23.9 
Li,2.08 ,W,1.04 ,Mn,2.23 ,,,,,,,,,,,,Si,94.65 ,,,,,Sol-gel,1158 ,0.69 ,0.31 ,2.2 ,1.0 ,0.04 ,94.0 ,46.0 ,49.0 ,36.0 ,10.0 ,51.0 ,23.5 
Li,2.08 ,W,1.04 ,Mn,2.23 ,,,,,,,,,,,,Si,94.65 ,,,,,Sol-gel,1170 ,0.68 ,0.32 ,2.1 ,1.0 ,0.04 ,97.0 ,45.0 ,54.0 ,33.0 ,9.0 ,46.0 ,20.7 
Li,2.08 ,W,1.04 ,Mn,2.23 ,,,,,,,,,,,,Si,94.65 ,,,,,Sol-gel,1205 ,0.70 ,0.30 ,2.3 ,1.0 ,0.05 ,98.0 ,44.0 ,55.0 ,32.0 ,8.0 ,45.0 ,19.8 
Li,2.08 ,W,1.04 ,Mn,2.23 ,,,,,,,,,,,,Si,94.65 ,,,,,Sol-gel,1019 ,0.67 ,0.33 ,2.0 ,1.0 ,0.05 ,0.0 ,0.0 ,0.0 ,0.0 ,0.0 ,0.0 ,0.0 
Li,2.08 ,W,1.04 ,Mn,2.23 ,,,,,,,,,,,,Si,94.65 ,,,,,Sol-gel,1044 ,0.67 ,0.33 ,2.0 ,1.0 ,0.05 ,9.0 ,3.0 ,50.0 ,20.0 ,30.0 ,50.0 ,1.5 
Li,2.08 ,W,1.04 ,Mn,2.23 ,,,,,,,,,,,,Si,94.65 ,,,,,Sol-gel,1078 ,0.67 ,0.33 ,2.0 ,1.0 ,0.05 ,17.0 ,8.0 ,16.0 ,30.0 ,46.0 ,84.0 ,6.7 
Li,2.08 ,W,1.04 ,Mn,2.23 ,,,,,,,,,,,,Si,94.65 ,,,,,Sol-gel,1178 ,0.67 ,0.33 ,2.0 ,1.0 ,0.04 ,85.0 ,38.0 ,35.0 ,43.0 ,16.0 ,65.0 ,24.7 
Li,5.54 ,,,,,,,,,,,,,,,,Mg,94.46 ,,,,,Impregnation,973 ,0.95,0.05,19,1.0 ,,,16.0 ,16.0 ,98.0 ,2.0 ,0.0 ,2.0 
Li,5.54 ,,,,,,,,,,,,,,,,Mg,94.46 ,,,,,Impregnation,973 ,0.40 ,0.20 ,2.0 ,1.0 ,0.80 ,,37.0 ,66.3 ,,,33.7 ,12.5 
Li,5.54 ,,,,,,,,,,,,,,,,Mg,94.46 ,,,,,Impregnation,998 ,0.40 ,0.20 ,2.0 ,1.0 ,0.80 ,,38.7 ,66.7 ,,,33.3 ,12.9 
Li,5.54 ,,,,,,,,,,,,,,,,Mg,94.46 ,,,,,Impregnation,1023 ,0.40 ,0.20 ,2.0 ,1.0 ,0.80 ,,41.3 ,63.8 ,,,36.2 ,14.9 
Li,5.54 ,,,,,,,,,,,,,,,,Mg,94.46 ,,,,,Impregnation,1048 ,0.40 ,0.20 ,2.0 ,1.0 ,0.80 ,,39.0 ,59.1 ,,,40.9 ,16.0 
Li,5.54 ,,,,,,,,,,,,,,,,Mg,94.46 ,,,,,Impregnation,1073 ,0.40 ,0.20 ,2.0 ,1.0 ,0.80 ,,38.1 ,64.8 ,,,35.2 ,13.4 
Li,5.54 ,,,,,,,,,,,,,,,,Mg,94.46 ,,,,,Impregnation,1098 ,0.40 ,0.20 ,2.0 ,1.0 ,0.80 ,,40.9 ,80.1 ,,,19.9 ,8.1 
Li,5.54 ,,,,,,,,,,,,,,,,Mg,94.46 ,,,,,Impregnation,1123 ,0.40 ,0.20 ,2.0 ,1.0 ,0.80 ,,46.0 ,88.8 ,,,11.2 ,5.2 
Li,16.54 ,,,,,,,,,,,,,,,,Mg,83.46 ,,,,,Impregnation,983 ,,,2.0 ,1.0 ,0.01 ,,45.0 ,,,,38.0 ,17.1 
Li,16.54 ,,,,,,,,,,,,,,,,Mg,83.46 ,,,,,Impregnation,993 ,,,2.0 ,1.0 ,0.01 ,,45.1 ,,,,38.0 ,17.2 
Li,16.54 ,,,,,,,,,,,,,,,,Mg,83.46 ,,,,,Impregnation,1003 ,,,2.0 ,1.0 ,0.01 ,,45.3 ,,,,38.2 ,17.3 
Li,16.54 ,,,,,,,,,,,,,,,,Mg,83.46 ,,,,,Impregnation,1013 ,,,2.0 ,1.0 ,0.01 ,,45.3 ,,,,38.8 ,17.6 
Li,16.54 ,,,,,,,,,,,,,,,,Mg,83.46 ,,,,,Impregnation,1023 ,,,2.0 ,1.0 ,0.01 ,,45.0 ,,,,38.4 ,17.3 
Li,16.54 ,,,,,,,,,,,,,,,,Mg,83.46 ,,,,,Impregnation,1028 ,,,2.0 ,1.0 ,0.01 ,,45.0 ,,,,38.6 ,17.4 
Li,16.54 ,,,,,,,,,,,,,,,,Mg,83.46 ,,,,,Impregnation,1033 ,,,2.0 ,1.0 ,0.01 ,,45.3 ,,,,38.6 ,17.5 
Li,16.54 ,,,,,,,,,,,,,,,,Mg,83.46 ,,,,,Impregnation,1038 ,,,2.0 ,1.0 ,0.01 ,,45.1 ,,,,39.6 ,17.9 
Li,16.54 ,,,,,,,,,,,,,,,,Mg,83.46 ,,,,,Impregnation,1043 ,,,2.0 ,1.0 ,0.01 ,,44.6 ,,,,40.0 ,17.8 
Li,16.54 ,,,,,,,,,,,,,,,,Mg,83.46 ,,,,,Impregnation,1048 ,,,2.0 ,1.0 ,0.01 ,,45.0 ,,,,41.4 ,18.6 
Li,16.54 ,,,,,,,,,,,,,,,,Mg,83.46 ,,,,,Impregnation,1053 ,,,2.0 ,1.0 ,0.01 ,,45.3 ,,,,41.8 ,18.9 
Li,16.54 ,,,,,,,,,,,,,,,,Mg,83.46 ,,,,,Impregnation,1058 ,,,2.0 ,1.0 ,0.01 ,,45.3 ,,,,42.4 ,19.2 
Li,16.54 ,,,,,,,,,,,,,,,,Mg,83.46 ,,,,,Impregnation,1063 ,,,2.0 ,1.0 ,0.01 ,,44.4 ,,,,43.2 ,19.1 
Li,16.54 ,,,,,,,,,,,,,,,,Mg,83.46 ,,,,,Impregnation,1068 ,,,2.0 ,1.0 ,0.01 ,,44.6 ,,,,44.6 ,19.9 
Li,16.54 ,,,,,,,,,,,,,,,,Mg,83.46 ,,,,,Impregnation,1073 ,,,2.0 ,1.0 ,0.01 ,,44.8 ,,,,44.8 ,20.0 
Li,16.54 ,,,,,,,,,,,,,,,,Mg,83.46 ,,,,,Impregnation,1078 ,,,2.0 ,1.0 ,0.01 ,,44.8 ,,,,44.4 ,19.9 
Li,16.54 ,,,,,,,,,,,,,,,,Mg,83.46 ,,,,,Impregnation,1083 ,,,2.0 ,1.0 ,0.01 ,,44.6 ,,,,44.4 ,19.8 
Li,16.54 ,,,,,,,,,,,,,,,,Mg,83.46 ,,,,,Impregnation,1088 ,,,2.0 ,1.0 ,0.01 ,,44.8 ,,,,44.0 ,19.7 
Li,16.54 ,,,,,,,,,,,,,,,,Mg,83.46 ,,,,,Impregnation,1093 ,,,2.0 ,1.0 ,0.01 ,,44.6 ,,,,43.2 ,19.2 
Li,16.54 ,,,,,,,,,,,,,,,,Mg,83.46 ,,,,,Impregnation,1098 ,,,2.0 ,1.0 ,0.01 ,,45.0 ,,,,43.0 ,19.3 
Li,16.54 ,,,,,,,,,,,,,,,,Mg,83.46 ,,,,,Impregnation,1103 ,,,2.0 ,1.0 ,0.01 ,,45.1 ,,,,42.6 ,19.2 
Li,16.54 ,,,,,,,,,,,,,,,,Mg,83.46 ,,,,,Impregnation,1108 ,,,2.0 ,1.0 ,0.01 ,,45.3 ,,,,41.8 ,18.9 
Li,16.54 ,,,,,,,,,,,,,,,,Mg,83.46 ,,,,,Impregnation,1113 ,,,2.0 ,1.0 ,0.01 ,,45.1 ,,,,41.6 ,18.8 
Li,16.54 ,,,,,,,,,,,,,,,,Mg,83.46 ,,,,,Impregnation,1118 ,,,2.0 ,1.0 ,0.01 ,,45.5 ,,,,40.8 ,18.6 
Li,16.54 ,,,,,,,,,,,,,,,,Mg,83.46 ,,,,,Impregnation,1123 ,,,2.0 ,1.0 ,0.01 ,,45.5 ,,,,40.6 ,18.5 
Li,16.54 ,,,,,,,,,,,,,,,,Mg,83.46 ,,,,,Impregnation,1073 ,,,2.0 ,1.0 ,0.00 ,,12.6 ,,10.7 ,39.9 ,50.6 ,6.4 
Li,16.54 ,,,,,,,,,,,,,,,,Mg,83.46 ,,,,,Impregnation,1073 ,,,2.0 ,1.0 ,0.00 ,,15.5 ,,13.9 ,35.5 ,49.4 ,7.7 
Li,16.54 ,,,,,,,,,,,,,,,,Mg,83.46 ,,,,,Impregnation,1073 ,,,2.0 ,1.0 ,0.00 ,,23.3 ,,19.5 ,29.2 ,48.7 ,11.4 
Li,16.54 ,,,,,,,,,,,,,,,,Mg,83.46 ,,,,,Impregnation,1073 ,,,2.0 ,1.0 ,0.00 ,,33.2 ,,28.2 ,19.7 ,47.9 ,15.9 
Li,16.54 ,,,,,,,,,,,,,,,,Mg,83.46 ,,,,,Impregnation,1073 ,,,2.0 ,1.0 ,0.01 ,,38.2 ,,32.6 ,17.6 ,50.2 ,19.2 
Li,16.54 ,,,,,,,,,,,,,,,,Mg,83.46 ,,,,,Impregnation,1073 ,,,2.0 ,1.0 ,0.01 ,,44.7 ,,37.6 ,13.9 ,51.5 ,23.0 
Li,2.08 ,W,1.04 ,Mn,2.23 ,,,,,,,,,,,,Si,94.65 ,,,,,Impregnation,1153 ,0.67 ,0.33 ,2.0 ,1.0 ,0.02 ,83.0 ,36.0 ,60.0 ,31.0 ,5.0 ,40.0 ,15.0 
Li,2.08 ,W,1.04 ,Mn,2.23 ,,,,,,,,,,,,Si,94.65 ,,,,,Impregnation,1169 ,0.67 ,0.33 ,2.0 ,1.0 ,0.02 ,84.0 ,38.0 ,60.0 ,29.0 ,5.0 ,40.0 ,15.0 
Li,2.08 ,W,1.04 ,Mn,2.23 ,,,,,,,,,,,,Si,94.65 ,,,,,Impregnation,1181 ,0.69 ,0.31 ,2.2 ,1.0 ,0.02 ,85.0 ,39.0 ,62.0 ,28.0 ,3.0 ,38.0 ,15.0 
Li,2.08 ,W,1.04 ,Mn,2.23 ,,,,,,,,,,,,Si,94.65 ,,,,,Impregnation,1191 ,0.67 ,0.33 ,2.0 ,1.0 ,0.02 ,89.0 ,40.0 ,64.0 ,26.0 ,4.0 ,36.0 ,14.0 
Li,2.08 ,W,1.04 ,Mn,2.23 ,,,,,,,,,,,,Si,94.65 ,,,,,Impregnation,1151 ,0.67 ,0.33 ,2.0 ,1.0 ,0.02 ,79.0 ,33.0 ,65.0 ,27.0 ,5.0 ,35.0 ,11.0 
Li,2.08 ,W,1.04 ,Mn,2.23 ,,,,,,,,,,,,Si,94.65 ,,,,,Impregnation,1174 ,0.64 ,0.36 ,1.8 ,1.0 ,0.02 ,91.0 ,39.0 ,71.0 ,22.0 ,2.0 ,28.0 ,11.0 
Li,2.08 ,W,1.04 ,Mn,2.23 ,,,,,,,,,,,,Si,94.65 ,,,,,Impregnation,1193 ,0.66 ,0.34 ,1.9 ,1.0 ,0.02 ,96.0 ,41.0 ,74.0 ,18.0 ,1.0 ,26.0 ,11.0 
Li,2.08 ,W,1.04 ,Mn,2.23 ,,,,,,,,,,,,Si,94.65 ,,,,,SGS,1159 ,0.67 ,0.33 ,2.0 ,1.0 ,0.02 ,99.0 ,39.0 ,58.0 ,34.0 ,4.0 ,43.0 ,17.0 
Li,2.08 ,W,1.04 ,Mn,2.23 ,,,,,,,,,,,,Si,94.65 ,,,,,SGS,1174 ,0.67 ,0.33 ,2.0 ,1.0 ,0.02 ,99.0 ,41.0 ,60.0 ,32.0 ,3.0 ,42.0 ,17.0 
Li,2.08 ,W,1.04 ,Mn,2.23 ,,,,,,,,,,,,Si,94.65 ,,,,,SGS,1185 ,0.67 ,0.33 ,2.0 ,1.0 ,0.02 ,100.0 ,42.0 ,61.0 ,31.0 ,2.0 ,42.0 ,17.0 
Li,2.08 ,W,1.04 ,Mn,2.23 ,,,,,,,,,,,,Si,94.65 ,,,,,SGS,1193 ,0.66 ,0.34 ,1.9 ,1.0 ,0.02 ,100.0 ,43.0 ,62.0 ,30.0 ,2.0 ,42.0 ,18.0 
Li,2.08 ,W,1.04 ,Mn,2.23 ,,,,,,,,,,,,Si,94.65 ,,,,,SGS,1143 ,0.67 ,0.33 ,2.0 ,1.0 ,0.02 ,74.0 ,25.0 ,45.0 ,37.0 ,11.0 ,55.0 ,14.0 
Li,2.08 ,W,1.04 ,Mn,2.23 ,,,,,,,,,,,,Si,94.65 ,,,,,SGS,1162 ,0.67 ,0.33 ,2.0 ,1.0 ,0.02 ,84.0 ,44.0 ,52.0 ,34.0 ,7.0 ,48.0 ,21.0 
Li,2.08 ,W,1.04 ,Mn,2.23 ,,,,,,,,,,,,Si,94.65 ,,,,,SGS,1184 ,0.67 ,0.33 ,2.0 ,1.0 ,0.02 ,90.0 ,40.0 ,64.0 ,26.0 ,3.0 ,36.0 ,14.0 
Li,2.08 ,W,1.04 ,Mn,2.23 ,,,,,,,,,,,,Si,94.65 ,,,,,SGS,1197 ,0.66 ,0.34 ,1.9 ,1.0 ,0.02 ,95.0 ,43.0 ,63.0 ,24.0 ,4.0 ,37.0 ,16.0 
Li,2.08 ,W,1.04 ,Mn,2.23 ,,,,,,,,,,,,Si,94.65 ,,,,,SGS,1133 ,0.64 ,0.36 ,1.8 ,1.0 ,0.02 ,77.0 ,32.0 ,57.0 ,32.0 ,7.0 ,43.0 ,14.0 
Li,2.08 ,W,1.04 ,Mn,2.23 ,,,,,,,,,,,,Si,94.65 ,,,,,SGS,1157 ,0.68 ,0.32 ,2.1 ,1.0 ,0.02 ,85.0 ,37.0 ,59.0 ,31.0 ,5.0 ,41.0 ,15.0 
Li,2.08 ,W,1.04 ,Mn,2.23 ,,,,,,,,,,,,Si,94.65 ,,,,,SGS,1174 ,0.67 ,0.33 ,2.0 ,1.0 ,0.02 ,91.0 ,39.0 ,61.0 ,30.0 ,3.0 ,39.0 ,15.0 
Li,2.08 ,W,1.04 ,Mn,2.23 ,,,,,,,,,,,,Si,94.65 ,,,,,SGS,1185 ,0.68 ,0.32 ,2.1 ,1.0 ,0.03 ,93.0 ,42.0 ,61.0 ,29.0 ,3.0 ,39.0 ,16.0 
Li,2.08 ,W,1.04 ,Mn,2.23 ,,,,,,,,,,,,Si,94.65 ,,,,,SGS,1133 ,0.64 ,0.36 ,1.8 ,1.0 ,0.02 ,98.0 ,42.0 ,59.0 ,30.0 ,7.0 ,41.0 ,17.0 
Li,2.08 ,W,1.04 ,Mn,2.23 ,,,,,,,,,,,,Si,94.65 ,,,,,SGS,1157 ,0.63 ,0.37 ,1.7 ,1.0 ,0.02 ,98.0 ,43.0 ,58.0 ,32.0 ,4.0 ,42.0 ,18.0 
Li,2.08 ,W,1.04 ,Mn,2.23 ,,,,,,,,,,,,Si,94.65 ,,,,,SGS,1172 ,0.64 ,0.36 ,1.8 ,1.0 ,0.02 ,98.0 ,47.0 ,56.0 ,29.0 ,8.0 ,44.0 ,21.0 
Li,2.08 ,W,1.04 ,Mn,2.23 ,,,,,,,,,,,,Si,94.65 ,,,,,SGS,1192 ,0.63 ,0.37 ,1.7 ,1.0 ,0.02 ,98.0 ,44.0 ,58.0 ,31.0 ,3.0 ,42.0 ,19.0 
Li,2.08 ,W,1.04 ,Mn,2.23 ,,,,,,,,,,,,Si,94.65 ,,,,,SGS,1135 ,0.66 ,0.34 ,1.9 ,1.0 ,0.02 ,82.0 ,34.0 ,58.0 ,32.0 ,6.0 ,42.0 ,14.0 
Li,2.08 ,W,1.04 ,Mn,2.23 ,,,,,,,,,,,,Si,94.65 ,,,,,SGS,1194 ,0.66 ,0.34 ,1.9 ,1.0 ,0.02 ,98.0 ,43.0 ,61.0 ,27.0 ,3.0 ,39.0 ,17.0 
Li,2.08 ,W,1.04 ,Mn,2.23 ,,,,,,,,,,,,Si,94.65 ,,,,,SGS,1154 ,0.67 ,0.33 ,2.0 ,1.0 ,0.02 ,89.0 ,39.0 ,58.0 ,31.0 ,4.0 ,42.0 ,16.0 
Li,2.08 ,W,1.04 ,Mn,2.23 ,,,,,,,,,,,,Si,94.65 ,,,,,SGS,1175 ,0.68 ,0.32 ,2.1 ,1.0 ,0.02 ,95.0 ,43.0 ,59.0 ,30.0 ,5.0 ,41.0 ,18.0 
Li,2.08 ,W,1.04 ,Mn,2.23 ,,,,,,,,,,,,Si,94.65 ,,,,,SPS,1137 ,0.69 ,0.31 ,2.2 ,1.0 ,0.02 ,94.0 ,43.0 ,55.0 ,33.0 ,6.0 ,45.0 ,19.0 
Li,2.08 ,W,1.04 ,Mn,2.23 ,,,,,,,,,,,,Si,94.65 ,,,,,SPS,1156 ,0.66 ,0.34 ,1.9 ,1.0 ,0.02 ,93.0 ,43.0 ,54.0 ,35.0 ,5.0 ,46.0 ,20.0 
Li,2.08 ,W,1.04 ,Mn,2.23 ,,,,,,,,,,,,Si,94.65 ,,,,,SPS,1178 ,0.67 ,0.33 ,2.0 ,1.0 ,0.02 ,94.0 ,43.0 ,57.0 ,33.0 ,3.0 ,43.0 ,19.0 
Li,2.08 ,W,1.04 ,Mn,2.23 ,,,,,,,,,,,,Si,94.65 ,,,,,SPS,1194 ,0.62 ,0.38 ,1.6 ,1.0 ,0.02 ,96.0 ,43.0 ,60.0 ,31.0 ,2.0 ,40.0 ,17.0 
Li,2.08 ,W,1.04 ,Mn,2.23 ,,,,,,,,,,,,Si,94.65 ,,,,,SPS,1152 ,0.68 ,0.32 ,2.1 ,1.0 ,0.02 ,86.0 ,38.0 ,60.0 ,30.0 ,5.0 ,40.0 ,15.0 
Li,2.08 ,W,1.04 ,Mn,2.23 ,,,,,,,,,,,,Si,94.65 ,,,,,SPS,1172 ,0.66 ,0.34 ,1.9 ,1.0 ,0.02 ,90.0 ,40.0 ,61.0 ,29.0 ,4.0 ,39.0 ,15.0 
Li,2.08 ,W,1.04 ,Mn,2.23 ,,,,,,,,,,,,Si,94.65 ,,,,,SPS,1186 ,0.71 ,0.29 ,2.4 ,1.0 ,0.02 ,89.0 ,41.0 ,63.0 ,27.0 ,3.0 ,37.0 ,15.0 
Li,2.08 ,W,1.04 ,Mn,2.23 ,,,,,,,,,,,,Si,94.65 ,,,,,SPS,1194 ,0.66 ,0.34 ,1.9 ,1.0 ,0.02 ,93.0 ,39.0 ,63.0 ,27.0 ,3.0 ,37.0 ,14.0 
Li,2.08 ,W,1.04 ,Mn,2.23 ,,,,,,,,,,,,Si,94.65 ,,,,,SPS,1152 ,0.67 ,0.33 ,2.0 ,1.0 ,0.02 ,43.0 ,18.0 ,60.0 ,24.0 ,13.0 ,40.0 ,7.0 
Li,2.08 ,W,1.04 ,Mn,2.23 ,,,,,,,,,,,,Si,94.65 ,,,,,SPS,1167 ,0.66 ,0.34 ,1.9 ,1.0 ,0.02 ,53.0 ,23.0 ,63.0 ,25.0 ,9.0 ,38.0 ,9.0 
Li,2.08 ,W,1.04 ,Mn,2.23 ,,,,,,,,,,,,Si,94.65 ,,,,,SPS,1183 ,0.67 ,0.33 ,2.0 ,1.0 ,0.02 ,64.0 ,29.0 ,67.0 ,23.0 ,6.0 ,33.0 ,10.0 
Li,2.08 ,W,1.04 ,Mn,2.23 ,,,,,,,,,,,,Si,94.65 ,,,,,SPS,1199 ,0.68 ,0.32 ,2.1 ,1.0 ,0.02 ,75.0 ,34.0 ,72.0 ,22.0 ,5.0 ,29.0 ,10.0 
Li,15.02 ,Sm,4.78 ,,,,,,,,,,,,,,Mg,80.19 ,,,,,Impregnation,773 ,0.80 ,0.20 ,4.0 ,1.0 ,1.50 ,,0.6 ,,,,0.0 ,0.3 
Li,15.02 ,Sm,4.78 ,,,,,,,,,,,,,,Mg,80.19 ,,,,,Impregnation,823 ,0.80 ,0.20 ,4.0 ,1.0 ,1.50 ,,2.7 ,,,,30.6 ,1.2 
Li,15.02 ,Sm,4.78 ,,,,,,,,,,,,,,Mg,80.19 ,,,,,Impregnation,873 ,0.80 ,0.20 ,4.0 ,1.0 ,1.50 ,,21.9 ,,,,64.3 ,15.3 
Li,15.02 ,Sm,4.78 ,,,,,,,,,,,,,,Mg,80.19 ,,,,,Impregnation,973 ,0.80 ,0.20 ,4.0 ,1.0 ,1.50 ,,21.2 ,,,,63.1 ,13.4 
Li,15.02 ,Sm,4.78 ,,,,,,,,,,,,,,Mg,80.19 ,,,,,Impregnation,1013 ,0.80 ,0.20 ,4.0 ,1.0 ,1.50 ,,20.2 ,,,,58.6 ,12.0 
Li,15.02 ,Sm,4.78 ,,,,,,,,,,,,,,Mg,80.19 ,,,,,Impregnation,1023 ,0.80 ,0.20 ,4.0 ,1.0 ,1.50 ,,20.6 ,,,,57.6 ,11.8 
Li,15.02 ,Sm,4.78 ,,,,,,,,,,,,,,Mg,80.19 ,,,,,Impregnation,1073 ,0.80 ,0.20 ,4.0 ,1.0 ,1.50 ,,20.3 ,,,,55.4 ,11.1 
Li,15.06 ,Tb,4.57 ,,,,,,,,,,,,,,Mg,80.37 ,,,,,Impregnation,773 ,0.80 ,0.20 ,4.0 ,1.0 ,1.50 ,,0.1 ,,,,0.0 ,0.1 
Li,15.06 ,Tb,4.57 ,,,,,,,,,,,,,,Mg,80.37 ,,,,,Impregnation,823 ,0.80 ,0.20 ,4.0 ,1.0 ,1.50 ,,15.9 ,,,,56.4 ,8.9 
Li,15.06 ,Tb,4.57 ,,,,,,,,,,,,,,Mg,80.37 ,,,,,Impregnation,873 ,0.80 ,0.20 ,4.0 ,1.0 ,1.50 ,,21.4 ,,,,63.7 ,13.6 
Li,15.06 ,Tb,4.57 ,,,,,,,,,,,,,,Mg,80.37 ,,,,,Impregnation,923 ,0.80 ,0.20 ,4.0 ,1.0 ,1.50 ,,23.2 ,,,,64.2 ,15.0 
Li,15.06 ,Tb,4.57 ,,,,,,,,,,,,,,Mg,80.37 ,,,,,Impregnation,973 ,0.80 ,0.20 ,4.0 ,1.0 ,1.50 ,,22.9 ,,,,63.4 ,14.7 
Li,15.06 ,Tb,4.57 ,,,,,,,,,,,,,,Mg,80.37 ,,,,,Impregnation,1023 ,0.80 ,0.20 ,4.0 ,1.0 ,1.50 ,,22.4 ,,,,61.6 ,14.0 
Li,15.06 ,Tb,4.57 ,,,,,,,,,,,,,,Mg,80.37 ,,,,,Impregnation,1073 ,0.80 ,0.20 ,4.0 ,1.0 ,1.50 ,,21.6 ,,,,57.9 ,12.6 
Li,15.01 ,Ce,4.84 ,,,,,,,,,,,,,,Mg,80.14 ,,,,,Impregnation,773 ,0.80 ,0.20 ,4.0 ,1.0 ,1.50 ,,0.2 ,,,,0.5 ,0.2 
Li,15.01 ,Ce,4.84 ,,,,,,,,,,,,,,Mg,80.14 ,,,,,Impregnation,823 ,0.80 ,0.20 ,4.0 ,1.0 ,1.50 ,,0.2 ,,,,1.3 ,0.1 
Li,15.01 ,Ce,4.84 ,,,,,,,,,,,,,,Mg,80.14 ,,,,,Impregnation,873 ,0.80 ,0.20 ,4.0 ,1.0 ,1.50 ,,1.0 ,,,,18.0 ,0.2 
Li,15.01 ,Ce,4.84 ,,,,,,,,,,,,,,Mg,80.14 ,,,,,Impregnation,923 ,0.80 ,0.20 ,4.0 ,1.0 ,1.50 ,,3.9 ,,,,48.1 ,1.9 
Li,15.01 ,Ce,4.84 ,,,,,,,,,,,,,,Mg,80.14 ,,,,,Impregnation,973 ,0.80 ,0.20 ,4.0 ,1.0 ,1.50 ,,17.5 ,,,,54.9 ,9.7 
Li,15.01 ,Ce,4.84 ,,,,,,,,,,,,,,Mg,80.14 ,,,,,Impregnation,1023 ,0.80 ,0.20 ,4.0 ,1.0 ,1.50 ,,21.1 ,,,,56.4 ,12.0 
Li,15.01 ,Ce,4.84 ,,,,,,,,,,,,,,Mg,80.14 ,,,,,Impregnation,1073 ,0.80 ,0.20 ,4.0 ,1.0 ,1.50 ,,22.0 ,,,,56.7 ,12.5 
Li,14.98 ,Pr,5.04 ,,,,,,,,,,,,,,Mg,79.98 ,,,,,Impregnation,773 ,0.80 ,0.20 ,4.0 ,1.0 ,1.50 ,,0.3 ,,,,0.8 ,0.1 
Li,14.98 ,Pr,5.04 ,,,,,,,,,,,,,,Mg,79.98 ,,,,,Impregnation,823 ,0.80 ,0.20 ,4.0 ,1.0 ,1.50 ,,0.5 ,,,,0.8 ,0.1 
Li,14.98 ,Pr,5.04 ,,,,,,,,,,,,,,Mg,79.98 ,,,,,Impregnation,873 ,0.80 ,0.20 ,4.0 ,1.0 ,1.50 ,,2.4 ,,,,14.3 ,0.4 
Li,14.98 ,Pr,5.04 ,,,,,,,,,,,,,,Mg,79.98 ,,,,,Impregnation,923 ,0.80 ,0.20 ,4.0 ,1.0 ,1.50 ,,17.0 ,,,,58.2 ,9.7 
Li,14.98 ,Pr,5.04 ,,,,,,,,,,,,,,Mg,79.98 ,,,,,Impregnation,973 ,0.80 ,0.20 ,4.0 ,1.0 ,1.50 ,,21.1 ,,,,60.7 ,12.9 
Li,14.98 ,Pr,5.04 ,,,,,,,,,,,,,,Mg,79.98 ,,,,,Impregnation,1023 ,0.80 ,0.20 ,4.0 ,1.0 ,1.50 ,,22.6 ,,,,61.9 ,14.1 
Li,14.98 ,Pr,5.04 ,,,,,,,,,,,,,,Mg,79.98 ,,,,,Impregnation,1073 ,0.80 ,0.20 ,4.0 ,1.0 ,1.50 ,,22.5 ,,,,59.7 ,13.6 
Li,7.10 ,Mg,92.90 ,,,,,,,,,,,,,,,,,,,,n.a.,923 ,0.08 ,0.04 ,2.0 ,1.0 ,0.12 ,,25.5 ,,,,9.1 ,2.3 
Li,7.10 ,Mg,92.90 ,,,,,,,,,,,,,,,,,,,,n.a.,973 ,0.08 ,0.04 ,2.0 ,1.0 ,0.12 ,,28.9 ,,,,21.7 ,6.3 
Li,7.10 ,Mg,92.90 ,,,,,,,,,,,,,,,,,,,,n.a.,1023 ,0.08 ,0.04 ,2.0 ,1.0 ,0.12 ,,38.6 ,,,,25.7 ,9.9 
Li,25.62 ,Mg,74.38 ,,,,,,,,,,,,,,,,,,,,n.a.,923 ,0.08 ,0.04 ,2.0 ,1.0 ,0.13 ,,16.4 ,,,,24.3 ,4.0 
Li,25.62 ,Mg,74.38 ,,,,,,,,,,,,,,,,,,,,n.a.,973 ,0.08 ,0.04 ,2.0 ,1.0 ,0.13 ,,25.4 ,,,,40.0 ,10.2 
Li,25.62 ,Mg,74.38 ,,,,,,,,,,,,,,,,,,,,n.a.,1023 ,0.08 ,0.04 ,2.0 ,1.0 ,0.13 ,,31.4 ,,,,42.2 ,13.3 
Li,0.10 ,Mg,13.95 ,Mn,1.32 ,La,84.63 ,,,,,,,,,,,,,,,,IJP-A synthesis,973 ,0.45 ,0.15 ,3.0 ,1.0 ,0.03 ,,22.9 ,,,,33.0 ,7.6 
Li,2.59 ,Mg,13.60 ,Mn,1.29 ,La,82.52 ,,,,,,,,,,,,,,,,IJP-A synthesis,973 ,0.45 ,0.15 ,3.0 ,1.0 ,0.03 ,,21.9 ,,,,26.5 ,5.8 
Li,0.10 ,Mg,13.66 ,Mn,3.33 ,La,82.90 ,,,,,,,,,,,,,,,,IJP-A synthesis,973 ,0.45 ,0.15 ,3.0 ,1.0 ,0.03 ,,22.4 ,,,,22.4 ,5.0 
Li,2.54 ,Mg,13.33 ,Mn,3.25 ,La,80.88 ,,,,,,,,,,,,,,,,IJP-A synthesis,973 ,0.45 ,0.15 ,3.0 ,1.0 ,0.03 ,,20.9 ,,,,28.8 ,6.0 
Li,0.08 ,Mg,29.49 ,Mn,1.08 ,La,69.35 ,,,,,,,,,,,,,,,,IJP-A synthesis,973 ,0.45 ,0.15 ,3.0 ,1.0 ,0.04 ,,21.3 ,,,,25.9 ,5.5 
Li,2.13 ,Mg,28.88 ,Mn,1.06 ,La,67.93 ,,,,,,,,,,,,,,,,IJP-A synthesis,973 ,0.45 ,0.15 ,3.0 ,1.0 ,0.04 ,,20.9 ,,,,26.5 ,5.5 
Li,0.08 ,Mg,28.99 ,Mn,2.74 ,La,68.18 ,,,,,,,,,,,,,,,,IJP-A synthesis,973 ,0.45 ,0.15 ,3.0 ,1.0 ,0.04 ,,18.8 ,,,,14.9 ,2.8 
Li,2.10 ,Mg,28.41 ,Mn,2.69 ,La,66.81 ,,,,,,,,,,,,,,,,IJP-A synthesis,973 ,0.45 ,0.15 ,3.0 ,1.0 ,0.04 ,,23.6 ,,,,24.7 ,5.8 
Li,0.55 ,Mg,7.52 ,Mn,0.71 ,La,91.22 ,,,,,,,,,,,,,,,,IJP-A synthesis,973 ,0.45 ,0.15 ,3.0 ,1.0 ,0.03 ,,21.8 ,,,,39.1 ,8.5 
Li,1.42 ,Mg,7.45 ,Mn,0.71 ,La,90.42 ,,,,,,,,,,,,,,,,IJP-A synthesis,973 ,0.45 ,0.15 ,3.0 ,1.0 ,0.03 ,,21.3 ,,,,35.8 ,7.6 
Li,0.54 ,Mg,7.43 ,Mn,1.81 ,La,90.21 ,,,,,,,,,,,,,,,,IJP-A synthesis,973 ,0.45 ,0.15 ,3.0 ,1.0 ,0.03 ,,20.9 ,,,,34.3 ,7.2 
Li,1.40 ,Mg,7.37 ,Mn,1.80 ,La,89.43 ,,,,,,,,,,,,,,,,IJP-A synthesis,973 ,0.45 ,0.15 ,3.0 ,1.0 ,0.03 ,,20.7 ,,,,32.3 ,6.7 
Li,0.49 ,Mg,17.34 ,Mn,0.64 ,La,81.54 ,,,,,,,,,,,,,,,,IJP-A synthesis,973 ,0.45 ,0.15 ,3.0 ,1.0 ,0.03 ,,22.3 ,,,,36.3 ,8.1 
Li,1.27 ,Mg,17.20 ,Mn,0.63 ,La,80.90 ,,,,,,,,,,,,,,,,IJP-A synthesis,973 ,0.45 ,0.15 ,3.0 ,1.0 ,0.03 ,,21.5 ,,,,38.4 ,8.2 
Li,0.48 ,Mg,17.16 ,Mn,1.62 ,La,80.73 ,,,,,,,,,,,,,,,,IJP-A synthesis,973 ,0.45 ,0.15 ,3.0 ,1.0 ,0.03 ,,20.3 ,,,,34.3 ,7.0 
Li,1.26 ,Mg,17.03 ,Mn,1.61 ,La,80.10 ,,,,,,,,,,,,,,,,IJP-A synthesis,973 ,0.45 ,0.15 ,3.0 ,1.0 ,0.03 ,,20.5 ,,,,30.6 ,6.3 
Li,0.23 ,Mg,3.15 ,Mn,0.30 ,La,96.32 ,,,,,,,,,,,,,,,,IJP-A synthesis,973 ,0.45 ,0.15 ,3.0 ,1.0 ,0.03 ,,25.7 ,,,,42.3 ,10.9 
Li,0.68 ,Mg,3.14 ,Mn,0.30 ,La,95.89 ,,,,,,,,,,,,,,,,IJP-A synthesis,973 ,0.45 ,0.15 ,3.0 ,1.0 ,0.03 ,,26.0 ,,,,34.0 ,8.8 
Li,0.23 ,Mg,3.13 ,Mn,0.87 ,La,95.77 ,,,,,,,,,,,,,,,,IJP-A synthesis,973 ,0.45 ,0.15 ,3.0 ,1.0 ,0.03 ,,21.3 ,,,,33.3 ,7.1 
Li,0.68 ,Mg,3.12 ,Mn,0.87 ,La,95.34 ,,,,,,,,,,,,,,,,IJP-A synthesis,973 ,0.45 ,0.15 ,3.0 ,1.0 ,0.03 ,,22.0 ,,,,28.0 ,6.2 
Li,0.22 ,Mg,8.78 ,Mn,0.28 ,La,90.72 ,,,,,,,,,,,,,,,,IJP-A synthesis,973 ,0.45 ,0.15 ,3.0 ,1.0 ,0.03 ,,24.1 ,,,,32.3 ,7.8 
Li,0.64 ,Mg,8.74 ,Mn,0.28 ,La,90.33 ,,,,,,,,,,,,,,,,IJP-A synthesis,973 ,0.45 ,0.15 ,3.0 ,1.0 ,0.03 ,,24.6 ,,,,36.0 ,8.9 
Li,0.22 ,Mg,8.73 ,Mn,0.82 ,La,90.23 ,,,,,,,,,,,,,,,,IJP-A synthesis,973 ,0.45 ,0.15 ,3.0 ,1.0 ,0.03 ,,23.6 ,,,,34.1 ,8.1 
Li,0.64 ,Mg,8.70 ,Mn,0.82 ,La,89.85 ,,,,,,,,,,,,,,,,IJP-A synthesis,973 ,0.45 ,0.15 ,3.0 ,1.0 ,0.03 ,,21.6 ,,,,39.6 ,8.5 
Li,0.15 ,Mg,1.54 ,Mn,0.12 ,La,98.19 ,,,,,,,,,,,,,,,,IJP-A synthesis,973 ,0.45 ,0.15 ,3.0 ,1.0 ,0.03 ,,33.6 ,,,,32.2 ,10.8 
Li,0.36 ,Mg,1.54 ,Mn,0.12 ,La,97.98 ,,,,,,,,,,,,,,,,IJP-A synthesis,973 ,0.45 ,0.15 ,3.0 ,1.0 ,0.03 ,,33.4 ,,,,29.6 ,9.9 
Li,0.15 ,Mg,1.54 ,Mn,0.46 ,La,97.86 ,,,,,,,,,,,,,,,,IJP-A synthesis,973 ,0.45 ,0.15 ,3.0 ,1.0 ,0.03 ,,31.9 ,,,,27.0 ,8.6 
Li,0.36 ,Mg,1.53 ,Mn,0.46 ,La,97.65 ,,,,,,,,,,,,,,,,IJP-A synthesis,973 ,0.45 ,0.15 ,3.0 ,1.0 ,0.03 ,,31.0 ,,,,26.0 ,8.1 
Li,0.14 ,Mg,4.72 ,Mn,0.11 ,La,95.02 ,,,,,,,,,,,,,,,,IJP-A synthesis,973 ,0.45 ,0.15 ,3.0 ,1.0 ,0.03 ,,33.7 ,,,,32.2 ,10.9 
Li,0.35 ,Mg,4.71 ,Mn,0.11 ,La,94.82 ,,,,,,,,,,,,,,,,IJP-A synthesis,973 ,0.45 ,0.15 ,3.0 ,1.0 ,0.03 ,,31.5 ,,,,26.2 ,8.2 
Li,0.14 ,Mg,4.71 ,Mn,0.45 ,La,94.71 ,,,,,,,,,,,,,,,,IJP-A synthesis,973 ,0.45 ,0.15 ,3.0 ,1.0 ,0.03 ,,33.0 ,,,,30.8 ,10.2 
Li,0.35 ,Mg,4.70 ,Mn,0.44 ,La,94.51 ,,,,,,,,,,,,,,,,IJP-A synthesis,973 ,0.45 ,0.15 ,3.0 ,1.0 ,0.03 ,,28.3 ,,,,36.7 ,10.4 
Li,2.23 ,Na,2.08 ,W,1.04 ,,,,,,,,,,,,Si,94.65 ,,,,,Impregnation,1073 ,0.50 ,0.25 ,2.0 ,1.0 ,0.36 ,21.1 ,9.6 ,,,,47.8 ,4.6 
Li,70.70 ,,,,,,,,,,,,,,,,Sn,29.30 ,,,,,Impregnation,923 ,0.71 ,0.29 ,2.5 ,1.0 ,0.15 ,,18.5 ,,32.9 ,19.0 ,52.0 ,9.6 
Li,70.70 ,,,,,,,,,,,,,,,,Sn,29.30 ,,,,,Impregnation,973 ,0.71 ,0.29 ,2.5 ,1.0 ,0.15 ,,31.8 ,,48.7 ,11.4 ,60.1 ,19.1 
Li,70.70 ,,,,,,,,,,,,,,,,Sn,29.30 ,,,,,Impregnation,1023 ,0.71 ,0.29 ,2.5 ,1.0 ,0.15 ,,37.7 ,,48.2 ,8.4 ,56.6 ,21.4 
Li,70.70 ,,,,,,,,,,,,,,,,Sn,29.30 ,,,,,Impregnation,1073 ,0.71 ,0.29 ,2.5 ,1.0 ,0.15 ,,36.6 ,,38.0 ,11.2 ,49.2 ,18.0 
Li,70.70 ,,,,,,,,,,,,,,,,Sn,29.30 ,,,,,Impregnation,1123 ,0.71 ,0.29 ,2.5 ,1.0 ,0.15 ,,34.4 ,,31.8 ,10.5 ,42.3 ,14.5 
Li,10.00 ,,,,,,,,,,,,,,,,Sn,90.00 ,,,,,Impregnation,923 ,0.40 ,0.10 ,4.0 ,1.0 ,0.03 ,,8.7 ,,,,64.8 ,5.7 
Li,10.00 ,,,,,,,,,,,,,,,,Sn,90.00 ,,,,,Impregnation,948 ,0.40 ,0.10 ,4.0 ,1.0 ,0.03 ,,9.4 ,,,,66.7 ,6.3 
Li,10.00 ,,,,,,,,,,,,,,,,Sn,90.00 ,,,,,Impregnation,973 ,0.40 ,0.10 ,4.0 ,1.0 ,0.03 ,,10.9 ,,,,67.9 ,7.4 
Li,10.00 ,,,,,,,,,,,,,,,,Sn,90.00 ,,,,,Impregnation,998 ,0.40 ,0.10 ,4.0 ,1.0 ,0.03 ,,11.6 ,,,,69.5 ,8.1 
Li,10.00 ,,,,,,,,,,,,,,,,Sn,90.00 ,,,,,Impregnation,1023 ,0.40 ,0.10 ,4.0 ,1.0 ,0.03 ,,12.4 ,,,,70.6 ,8.8 
Li,30.00 ,,,,,,,,,,,,,,,,Sn,70.00 ,,,,,Impregnation,923 ,0.40 ,0.10 ,4.0 ,1.0 ,0.04 ,,10.4 ,,,,15.4 ,1.6 
Li,30.00 ,,,,,,,,,,,,,,,,Sn,70.00 ,,,,,Impregnation,948 ,0.40 ,0.10 ,4.0 ,1.0 ,0.04 ,,11.2 ,,,,16.6 ,1.9 
Li,30.00 ,,,,,,,,,,,,,,,,Sn,70.00 ,,,,,Impregnation,973 ,0.40 ,0.10 ,4.0 ,1.0 ,0.04 ,,12.6 ,,,,17.1 ,2.1 
Li,30.00 ,,,,,,,,,,,,,,,,Sn,70.00 ,,,,,Impregnation,998 ,0.40 ,0.10 ,4.0 ,1.0 ,0.04 ,,13.7 ,,,,17.2 ,2.3 
Li,30.00 ,,,,,,,,,,,,,,,,Sn,70.00 ,,,,,Impregnation,1023 ,0.40 ,0.10 ,4.0 ,1.0 ,0.04 ,,14.4 ,,,,17.4 ,2.5 
Li,50.00 ,,,,,,,,,,,,,,,,Sn,50.00 ,,,,,Impregnation,923 ,0.40 ,0.10 ,4.0 ,1.0 ,0.04 ,,15.0 ,,,,16.6 ,2.5 
Li,50.00 ,,,,,,,,,,,,,,,,Sn,50.00 ,,,,,Impregnation,948 ,0.40 ,0.10 ,4.0 ,1.0 ,0.04 ,,15.8 ,,,,17.1 ,2.7 
Li,50.00 ,,,,,,,,,,,,,,,,Sn,50.00 ,,,,,Impregnation,973 ,0.40 ,0.10 ,4.0 ,1.0 ,0.04 ,,17.5 ,,,,17.2 ,3.0 
Li,50.00 ,,,,,,,,,,,,,,,,Sn,50.00 ,,,,,Impregnation,998 ,0.40 ,0.10 ,4.0 ,1.0 ,0.04 ,,19.8 ,,,,17.4 ,3.5 
Li,50.00 ,,,,,,,,,,,,,,,,Sn,50.00 ,,,,,Impregnation,1023 ,0.40 ,0.10 ,4.0 ,1.0 ,0.04 ,,21.6 ,,,,17.6 ,3.8 
Li,70.00 ,,,,,,,,,,,,,,,,Sn,30.00 ,,,,,Impregnation,923 ,0.40 ,0.10 ,4.0 ,1.0 ,0.06 ,,3.5 ,,,,15.9 ,0.6 
Li,70.00 ,,,,,,,,,,,,,,,,Sn,30.00 ,,,,,Impregnation,948 ,0.40 ,0.10 ,4.0 ,1.0 ,0.06 ,,3.8 ,,,,16.3 ,0.6 
Li,70.00 ,,,,,,,,,,,,,,,,Sn,30.00 ,,,,,Impregnation,973 ,0.40 ,0.10 ,4.0 ,1.0 ,0.06 ,,5.6 ,,,,16.6 ,0.9 
Li,70.00 ,,,,,,,,,,,,,,,,Sn,30.00 ,,,,,Impregnation,998 ,0.40 ,0.10 ,4.0 ,1.0 ,0.06 ,,7.2 ,,,,16.9 ,1.2 
Li,70.00 ,,,,,,,,,,,,,,,,Sn,30.00 ,,,,,Impregnation,1023 ,0.40 ,0.10 ,4.0 ,1.0 ,0.06 ,,8.2 ,,,,17.2 ,1.4 
Li,49.03 ,,,,,,,,,,,,,,,,Si,50.97 ,,,,,Impregnation,973 ,0.75 ,0.25 ,3.0 ,1.0 ,0.07 ,,8.4 ,60.3 ,19.4 ,17.1 ,39.7 ,3.3 
Li,52.38 ,Al,47.62 ,,,,,,,,,,,,,,,,,,,,Precipitation,1048 ,0.60 ,0.20 ,3.0 ,1.0 ,0.18 ,,30.0 ,60.1 ,24.0 ,16.1 ,40.1 ,12.0 
Li,52.38 ,Al,47.62 ,,,,,,,,,,,,,,,,,,,,Precipitation,1048 ,0.60 ,0.20 ,3.0 ,1.0 ,0.18 ,,33.1 ,47.4 ,27.2 ,14.6 ,41.8 ,13.8 
Li,58.33 ,Al,41.67 ,,,,,,,,,,,,,,,,,,,,Precipitation,1048 ,0.60 ,0.20 ,3.0 ,1.0 ,0.18 ,,32.1 ,47.7 ,31.3 ,17.6 ,48.9 ,15.7 
Li,79.59 ,Al,20.41 ,,,,,,,,,,,,,,,,,,,,Precipitation,1048 ,0.60 ,0.20 ,3.0 ,1.0 ,0.18 ,,34.1 ,40.4 ,27.0 ,16.3 ,43.3 ,14.8 
Li,98.52 ,Al,1.48 ,,,,,,,,,,,,,,,,,,,,Precipitation,1048 ,0.60 ,0.20 ,3.0 ,1.0 ,0.18 ,,16.3 ,35.0 ,29.6 ,26.8 ,56.4 ,9.2 
Li,58.33 ,Al,41.67 ,,,,,,,,,,,,,,,,,,,,Precipitation,823 ,0.60 ,0.20 ,3.0 ,1.0 ,0.18 ,,1.1 ,,,,0.4 ,0.0 
Li,58.33 ,Al,41.67 ,,,,,,,,,,,,,,,,,,,,Precipitation,873 ,0.60 ,0.20 ,3.0 ,1.0 ,0.18 ,,3.6 ,,,,0.7 ,0.0 
Li,58.33 ,Al,41.67 ,,,,,,,,,,,,,,,,,,,,Precipitation,923 ,0.60 ,0.20 ,3.0 ,1.0 ,0.18 ,,4.6 ,,,,1.5 ,0.1 
Li,58.33 ,Al,41.67 ,,,,,,,,,,,,,,,,,,,,Precipitation,973 ,0.60 ,0.20 ,3.0 ,1.0 ,0.18 ,,7.1 ,,1.9 ,8.3 ,10.1 ,0.7 
Li,58.33 ,Al,41.67 ,,,,,,,,,,,,,,,,,,,,Precipitation,1023 ,0.60 ,0.20 ,3.0 ,1.0 ,0.18 ,,23.2 ,,19.2 ,22.3 ,41.5 ,9.6 
Li,58.33 ,Al,41.67 ,,,,,,,,,,,,,,,,,,,,Precipitation,1073 ,0.60 ,0.20 ,3.0 ,1.0 ,0.18 ,,35.6 ,,25.4 ,16.4 ,41.8 ,14.9 
Li,58.33 ,Al,41.67 ,,,,,,,,,,,,,,,,,,,,Precipitation,1123 ,0.60 ,0.20 ,3.0 ,1.0 ,0.18 ,,37.3 ,,23.9 ,11.6 ,35.4 ,13.2 
Li,58.33 ,Al,41.67 ,,,,,,,,,,,,,,,,,,,,Precipitation,1173 ,0.60 ,0.20 ,3.0 ,1.0 ,0.18 ,,36.0 ,,26.2 ,8.0 ,34.2 ,12.3 
Sn,1.2,Li,17.6,Mg,81.2,,,,,,,,,,,,,,,,,,n.a.,977,0.47,0.11,4.4,1.0,7.50 ,,23.0,31.0,35.0,27.0,62.0,14.3
Ca,14.3,Li,14.3,Mn,14.3,,,,,,,Cl,57.1,,,,,,,,,,Impregnation,1023,0.66,0.07,9.4,1.0,1.80 ,,9.9,,52.3,32.1,84.4,8.4
Ca,14.3,Li,14.3,Pr,14.3,,,,,,,Cl,57.1,,,,,,,,,,Impregnation,1023,0.66,0.07,9.4,1.0,1.80 ,,14.3,,71.2,13.3,84.5,12.1
Ti,22.3,Li,33.3,Sr,44.4,,,,,,,,,,,,,,,,,,n.a.,979,0.50,0.10,5.0,1.0,7.80 ,,13.0,2.0,42.0,49.0,91.0,11.8
Sn,3.0,Li,3.0,Mg,94.0,,,,,,,,,,,,,,,,,,Therm.decomp.,977,0.47,0.11,4.4,1.0,7.60 ,,23.0,,35.0,37.0,72.0,16.6
Pb,25.0,Li,0.2,,,,,,,,,,,,,,Al,74.8,,,,,Therm.decomp.,978,0.47,0.11,4.4,1.0,7.60 ,,16.7,,8.7,3.7,12.4,2.1
Zr,25.0,Li,50.0,,,,,,,,,C,25.0,,,,,,,,,,Therm.decomp.,1060,0.67,0.33,2.0,1.0,6.00 ,99.8,40.6,,30.4,11.3,41.7,16.9
Zr,25.0,Li,50.0,,,,,,,,,C,25.0,,,,,,,,,,Therm.decomp.,1078,0.67,0.33,2.0,1.0,6.00 ,99.7,31.4,,33.4,12.5,45.9,14.4
Ti,33.3,Li,66.7,,,,,,,,,,,,,,,,,,,,n.a.,1033,0.67,0.33,2.0,1.0,6.00 ,98.0,22.0,42.0,13.0,42.0,55.0,12.1
Ce,33.3,Li,66.7,,,,,,,,,,,,,,,,,,,,n.a.,1061,0.67,0.33,2.0,1.0,6.00 ,100.0,38.0,48.0,34.0,14.0,48.0,18.2
Zr,33.3,Li,66.7,,,,,,,,,,,,,,,,,,,,n.a.,1067,0.67,0.33,2.0,1.0,6.00 ,100.0,38.0,51.0,32.0,13.0,45.0,17.1
Ce,2.0,Li,4.1,Mg,93.9,,,,,,,,,,,,,,,,,,n.a.,973,0.22,0.11,2.0,1.0,2.65 ,,46.0,,,,44.0,20.2
Ce,2.0,Li,4.1,Ca,93.9,,,,,,,,,,,,,,,,,,n.a.,973,0.22,0.11,2.0,1.0,2.65 ,,46.0,,,,46.0,21.2
Ce,2.0,Li,4.1,Sr,93.9,,,,,,,,,,,,,,,,,,n.a.,973,0.22,0.11,2.0,1.0,2.65 ,,14.0,,,,88.0,12.3
Ce,2.0,Li,4.1,Ba,93.9,,,,,,,,,,,,,,,,,,n.a.,973,0.22,0.11,2.0,1.0,2.65 ,,18.0,,,,71.0,12.8
Zn,0.4,Li,18.1,Mg,81.5,,,,,,,,,,,,,,,,,,n.a.,1073,0.28,0.13,2.1,1.0,0.52 ,,16.0,,40.0,33.0,73.0,11.7
Co,0.4,Li,18.1,Mg,81.5,,,,,,,,,,,,,,,,,,n.a.,1073,0.28,0.13,2.1,1.0,0.52 ,,22.0,,52.0,45.0,97.0,21.3
Fe,0.4,Li,18.1,Mg,81.5,,,,,,,,,,,,,,,,,,n.a.,1073,0.28,0.13,2.1,1.0,0.52 ,,23.0,,52.0,43.0,95.0,21.9
Mn,0.4,Li,18.1,Mg,81.5,,,,,,,,,,,,,,,,,,n.a.,1073,0.28,0.13,2.1,1.0,0.52 ,,26.0,,46.0,34.0,80.0,20.8
Sm,50.0,Li,50.0,,,,,,,,,,,,,,,,,,,,Impregnation,973,0.14,0.07,2.0,1.0,0.80 ,50.3,31.9,72.0,5.0,24.0,28.7,9.2
Nd,50.0,Li,50.0,,,,,,,,,,,,,,,,,,,,Impregnation,973,0.14,0.07,2.0,1.0,0.80 ,56.1,30.4,62.0,14.0,24.0,38.0,11.6
Ti,5.5,Li,11.6,,,,,,,,,,,,,,Si,82.9,,,,,n.a.,1047,0.14,0.05,3.0,1.0,3.00 ,100.0,15.0,25.0,31.0,44.0,75.0,11.3
Sn,1.6,Li,20.2,Mg,78.2,,,,,,,,,,,,,,,,,,Mech. Mixing,953,0.67,0.07,9.6,1.0,0.23 ,90.0,14.3,,,,84.0,12.0
Ce,18.8,Li,8.8,Mg,72.4,,,,,,,,,,,,,,,,,,Therm.decomp.,1023,0.08,0.04,2.0,1.2,0.16 ,,33.0,,,,45.0,14.9
Mn,40.0,Li,60.0,,,,,,,,,,,,,,,,,,,,n.a.,1053,0.33,0.17,2.0,1.0,0.39 ,,32.0,,,,50.0,16.0
Fe,40.0,Li,60.0,,,,,,,,,,,,,,,,,,,,n.a.,1073,0.33,0.17,2.0,1.0,0.39 ,,40.0,,,,55.0,22.0
In,40.0,Li,60.0,,,,,,,,,,,,,,,,,,,,n.a.,1053,0.33,0.17,2.0,1.0,0.39 ,,35.0,,,,57.0,20.0
Ni,40.0,Li,60.0,,,,,,,,,,,,,,,,,,,,n.a.,1033,0.33,0.17,2.0,1.0,0.39 ,,35.0,,,,68.0,23.8
Ti,28.6,Li,71.4,,,,,,,,,,,,,,,,,,,,n.a.,1053,0.33,0.17,2.0,1.0,0.39 ,,30.0,,,,62.0,18.6
Ge,28.6,Li,71.4,,,,,,,,,,,,,,,,,,,,n.a.,1113,0.33,0.17,2.0,1.0,0.39 ,,32.0,,,,50.0,16.0
Sr,28.6,Li,71.4,,,,,,,,,,,,,,,,,,,,n.a.,1073,0.33,0.17,2.0,1.0,0.39 ,,37.0,,,,55.0,20.4
Sn,28.6,Li,71.4,,,,,,,,,,,,,,,,,,,,n.a.,1053,0.33,0.17,2.0,1.0,0.39 ,,29.0,,,,63.0,18.3
Mg,47.8,Li,52.2,,,,,,,,,,,,,,,,,,,,n.a.,1023,0.52,0.12,4.4,1.0,,99.6,17.2,59.0,5.0,36.0,41.0,7.1
Dy,1.0,Li,19.8,Mg,79.2,,,,,,,,,,,,,,,,,,Therm.decomp.,893,0.29,0.10,2.8,1.0,10.00 ,,29.4,49.0,12.0,39.0,50.7,14.9
Co,1.3,Li,32.9,Mg,65.8,,,,,,,,,,,,,,,,,,n.a.,973,0.67,0.07,9.6,1.0,0.23 ,,7.5,,,,79.0,5.9
Ba,16.7,Li,16.7,Fe,16.6,La,50.0,,,,,,,,,,,,,,,,n.a.,1093,0.68,0.34,2.0,1.0,,89.7,38.7,,41.0,17.0,57.5,22.3
Zn,0.1,Li,27.0,Mg,72.9,,,,,,,,,,,,,,,,,,n.a.,1078,0.28,0.13,2.1,1.0,0.48 ,58.0,27.0,44.0,26.0,30.0,56.0,15.1
Mn,0.1,Li,27.0,Mg,72.9,,,,,,,,,,,,,,,,,,n.a.,1078,0.28,0.13,2.1,1.0,0.48 ,95.0,39.0,47.0,31.0,22.0,53.0,20.7
Al,16.6,Li,41.7,Mg,41.7,,,,,,,,,,,,,,,,,,n.a.,1007,0.82,0.04,20.9,1.0,0.35 ,99.0,9.0,18.0,28.0,51.0,79.0,7.1
Si,13.0,Li,43.5,Mg,43.5,,,,,,,,,,,,,,,,,,n.a.,1067,0.70,0.06,10.9,1.0,0.24 ,100.0,15.0,19.0,38.0,33.0,71.0,10.6
Al,13.0,Li,43.5,Ca,43.5,,,,,,,,,,,,,,,,,,n.a.,963,0.70,0.06,10.9,1.0,0.37 ,62.0,6.0,5.0,28.0,62.0,90.0,5.4
Al,10.8,Li,21.6,Mg,67.6,,,,,,,,,,,,,,,,,,n.a.,923,0.09,0.04,2.2,1.0,5.20 ,,35.0,,46.0,6.0,52.0,18.2
Co,9.0,Li,12.0,Mg,22.0,,,,,,,,,,,,Al,57.0,,,,,Precipitation,1073,0.91,0.09,10.1,1.0,4.30 ,99.5,11.2,,25.1,16.0,41.1,4.6
Ni,9.0,Li,12.0,Mg,22.0,,,,,,,,,,,,Al,57.0,,,,,Precipitation,1073,0.91,0.09,10.1,1.0,4.30 ,99.4,12.7,,36.2,25.0,61.2,7.8
Bi,25.0,Li,12.5,Mg,31.2,,,,,,,Cl,25.0,C,6.3,,,,,,,,Therm.decomp.,1023,0.20,0.05,4.0,1.0,0.24 ,80.5,22.8,24.0,60.0,16.0,76.0,17.3
Zn,9.8,Li,11.1,Mg,79.1,,,,,,,,,,,,,,,,,,n.a.,948,0.51,0.10,5.0,1.0,7.20 ,,19.0,,,,54.0,10.3
Na,1.0,Li,6.0,Co,10.0,,,,,,,P,0.2,,,,Si,82.8,,,,,Impregnation,1073,0.83,0.17,4.9,1.0,0.90 ,,10.6,,24.9,29.0,53.9,5.7
Na,1.0,Li,6.0,Co,10.0,,,,,,,P,0.2,Cl,1.0,,Si,81.8,,,,,Impregnation,1073,0.83,0.17,4.9,1.0,0.90 ,,17.0,,30.5,22.3,52.8,9.0
Na,4.5,Li,45.5,Nb,45.5,,,,,,,Cl,4.5,,,,,,,,,,Therm.decomp.,1023,0.10,0.05,2.0,1.0,0.50 ,25.1,16.9,24.0,55.5,20.5,76.0,12.8
Na,4.5,Li,45.5,Ta,45.5,,,,,,,Cl,4.5,,,,,,,,,,Therm.decomp.,1023,0.10,0.05,2.0,1.0,0.50 ,60.5,33.4,37.8,58.4,3.8,62.2,20.8
Sn,0.8,Li,17.2,Mg,82.0,,,,,,,,,,,,,,,,,,Therm.decomp.,923,0.30,0.12,2.5,1.0,2.70 ,,21.7,,,,37.0,8.0
Ce,0.3,Li,15.6,Mg,84.1,,,,,,,,,,,,,,,,,,Impregnation,1003,0.67,0.33,2.0,1.0,1.32 ,,38.8,61.5,35.1,3.4,38.5,14.9
Ce,0.3,Li,23.0,Ca,12.9,Mg,63.8,,,,,,,,,,,,,,,,Impregnation,1003,0.67,0.33,2.0,1.0,1.32 ,,28.0,23.2,57.5,19.3,76.8,21.5
W,0.6,Li,0.9,,,,,,,,,,,,,,Si,98.5,,,,,Impregnation,973,0.88,0.12,7.5,1.0,0.30 ,,10.0,,,,52.0,5.2
Mn,4.3,Li,0.8,,,,,,,,,,,,,,Si,94.9,,,,,Impregnation,973,0.88,0.12,7.5,1.0,0.30 ,,15.0,,,,40.0,6.0
Sn,10.0,Li,20.0,Mg,70.0,,,,,,,,,,,,,,,,,,n.a.,1073,0.10,0.03,3.0,1.0,0.06 ,84.0,29.0,,,,61.0,17.7
Mn,31.7,Li,3.6,Mg,62.9,,,,,,,C,1.8,,,,,,,,,,Impregnation,923,0.07,0.03,2.0,1.0,0.16 ,,25.0,,,,0.0,0.0
Fe,35.2,Li,3.4,Mg,59.7,,,,,,,C,1.7,,,,,,,,,,Impregnation,923,0.07,0.03,2.0,1.0,0.16 ,,24.0,,,,0.0,0.0
Co,19.7,Li,3.2,Mg,56.0,,,,,,,C,21.1,,,,,,,,,,Impregnation,923,0.07,0.03,2.0,1.0,0.16 ,,18.0,,,,1.0,0.2
Sn,20.3,Li,4.2,Mg,52.7,,,,,,,C,22.8,,,,,,,,,,Impregnation,923,0.07,0.03,2.0,1.0,0.16 ,,23.0,,,,3.0,0.7
W,1.8,Li,5.6,Mg,89.8,,,,,,,C,2.8,,,,,,,,,,Impregnation,923,0.07,0.03,2.0,1.0,0.16 ,,7.0,,,,2.0,0.1
Ce,18.6,Li,1.7,Mg,78.8,,,,,,,C,0.9,,,,,,,,,,Impregnation,923,0.07,0.03,2.0,1.0,0.16 ,,7.0,,,,37.0,2.6
Ce,24.4,Li,22.7,Zn,41.6,,,,,,,C,11.3,,,,,,,,,,Impregnation,923,0.07,0.03,2.0,1.0,0.16 ,,6.0,,,,18.0,1.1
Mn,31.7,Li,3.6,Mg,62.9,,,,,,,C,1.8,,,,,,,,,,Impregnation,973,0.07,0.03,2.0,1.0,0.16 ,,27.0,,,,0.0,0.0
Fe,35.2,Li,3.4,Mg,59.7,,,,,,,C,1.7,,,,,,,,,,Impregnation,973,0.07,0.03,2.0,1.0,0.16 ,,25.0,,,,1.0,0.3
Co,19.7,Li,3.2,Mg,56.0,,,,,,,C,21.1,,,,,,,,,,Impregnation,973,0.07,0.03,2.0,1.0,0.16 ,,23.0,,,,1.0,0.2
Sn,20.3,Li,4.2,Mg,52.7,,,,,,,C,22.8,,,,,,,,,,Impregnation,973,0.07,0.03,2.0,1.0,0.16 ,,26.0,,,,3.0,0.8
W,1.8,Li,5.6,Mg,89.8,,,,,,,C,2.8,,,,,,,,,,Impregnation,973,0.07,0.03,2.0,1.0,0.16 ,,15.0,,,,2.0,0.3
Ce,18.6,Li,1.7,Mg,78.8,,,,,,,C,0.9,,,,,,,,,,Impregnation,973,0.07,0.03,2.0,1.0,0.16 ,,20.0,,,,45.0,9.0
Ce,24.4,Li,22.7,Zn,41.6,,,,,,,C,11.3,,,,,,,,,,Impregnation,973,0.07,0.03,2.0,1.0,0.16 ,,20.0,,,,10.0,2.0
Mn,31.7,Li,3.6,Mg,62.9,,,,,,,C,1.8,,,,,,,,,,Impregnation,1023,0.07,0.03,2.0,1.0,0.16 ,,27.0,,,,0.0,0.0
Fe,35.2,Li,3.4,Mg,59.7,,,,,,,C,1.7,,,,,,,,,,Impregnation,1023,0.07,0.03,2.0,1.0,0.16 ,,27.0,,,,1.0,0.3
Co,19.7,Li,3.2,Mg,56.0,,,,,,,C,21.1,,,,,,,,,,Impregnation,1023,0.07,0.03,2.0,1.0,0.16 ,,23.0,,,,2.0,0.5
Sn,20.3,Li,4.2,Mg,52.7,,,,,,,C,22.8,,,,,,,,,,Impregnation,1023,0.07,0.03,2.0,1.0,0.16 ,,29.0,,,,3.0,0.9
W,1.8,Li,5.6,Mg,89.8,,,,,,,C,2.8,,,,,,,,,,Impregnation,1023,0.07,0.03,2.0,1.0,0.16 ,,20.0,,,,1.0,0.2
Ce,18.6,Li,1.7,Mg,78.8,,,,,,,C,0.9,,,,,,,,,,Impregnation,1023,0.07,0.03,2.0,1.0,0.16 ,,35.0,,,,43.0,15.1
Ce,24.4,Li,22.7,Zn,41.6,,,,,,,C,11.3,,,,,,,,,,Impregnation,1023,0.07,0.03,2.0,1.0,0.16 ,,24.0,,,,33.0,7.9
Sm,4.5,Li,45.6,Al,49.9,,,,,,,,,,,,,,,,,,Therm.decomp.,1073,0.86,0.14,6.1,1.0,1.00 ,95.0,15.0,,,,59.5,8.9
Sm,50.0,Li,50.0,,,,,,,,,,,,,,,,,,,,Precipitation,973,0.13,0.07,2.0,1.0,0.80 ,50.3,31.9,,4.6,24.1,28.7,9.2
Nd,50.0,Li,50.0,,,,,,,,,,,,,,,,,,,,Precipitation,973,0.13,0.07,2.0,1.0,0.80 ,56.1,30.4,,14.0,24.0,38.0,11.6
La,50.0,Li,50.0,,,,,,,,,,,,,,,,,,,,Precipitation,973,0.13,0.07,2.0,1.0,0.80 ,39.0,17.7,,13.1,29.8,42.9,7.6
Sr,40.00 ,Li,10.00 ,Ti,50.00 ,,,,,,,,,,,,,,,,,,Pechini method,1073 ,0.60 ,0.20 ,3.0 ,1.0 ,0.36 ,100.0 ,22.3 ,80.8 ,11.1 ,8.1 ,19.2 ,4.3 
La,66.67 ,Li,16.67 ,Al,16.67 ,,,,,,,,,,,,,,,,,,n.a.,1048 ,0.60 ,0.20 ,4.0 ,1.0 ,0.36 ,,30.0 ,47.0 ,15.9 ,31.4 ,51.7 ,15.5 
La,50.00 ,Li,50.00 ,,,,,,,,,,,,,,,,,,,,Sol-gel,1048 ,0.60 ,0.20 ,4.0 ,1.0 ,0.36 ,,30.0 ,48.8 ,13.4 ,23.7 ,39.5 ,11.9 
Mn,4.73 ,Li,9.62 ,W,1.50 ,,,,,,,,,,,,Ti,84.16 ,,,,,Impregnation,1023 ,0.53 ,0.29 ,1.8 ,1.0 ,0.39 ,,24.2 ,44.7 ,32.8 ,22.5 ,55.3 ,13.4 
Mn,4.73 ,Li,9.62 ,W,1.50 ,,,,,,,,,,,,Ti,84.16 ,,,,,Impregnation,1023 ,0.53 ,0.29 ,1.8 ,1.0 ,0.39 ,,28.1 ,42.0 ,36.6 ,21.4 ,58.0 ,16.3 
Mn,4.73 ,Li,9.62 ,W,1.50 ,,,,,,,,,,,,Ti,84.16 ,,,,,Impregnation,1023 ,0.53 ,0.29 ,1.8 ,1.0 ,0.39 ,,24.7 ,39.0 ,37.3 ,23.7 ,61.0 ,15.1 
Mn,4.73 ,Li,9.62 ,W,1.50 ,,,,,,,,,,,,Ti,84.16 ,,,,,Impregnation,1023 ,0.53 ,0.29 ,1.8 ,1.0 ,0.39 ,,19.7 ,32.4 ,37.6 ,30.0 ,67.6 ,13.3 
Mn,4.73 ,Li,9.62 ,W,1.50 ,,,,,,,,,,,,Ti,84.16 ,,,,,Impregnation,1023 ,0.53 ,0.29 ,1.8 ,1.0 ,0.39 ,,28.2 ,44.5 ,34.8 ,20.7 ,55.5 ,15.7 
Mn,4.73 ,Li,9.62 ,W,1.50 ,,,,,,,,,,,,Ti,84.16 ,,,,,Impregnation,1023 ,0.53 ,0.29 ,1.8 ,1.0 ,0.39 ,,27.2 ,41.6 ,36.9 ,21.5 ,58.4 ,15.9 
Ni,20.0,Ti,20.0,Li,60.0,,,,,,,,,,,,,,,,,,n.a.,1023,0.32,0.08,4.0,1.0,0.16 ,,19.0,,,,70.0,13.3
Ti,16.6,La,16.7,Li,66.7,,,,,,,,,,,,,,,,,,n.a.,1023,0.32,0.08,4.0,1.0,0.16 ,,19.0,,,,75.0,14.3
Mg,28.6,Si,23.8,Li,47.6,,,,,,,,,,,,,,,,,,n.a.,1023,0.08,0.05,1.7,1.0,0.11 ,,17.0,,34.0,45.0,79.0,13.4
Mg,5.0,Sr,5.0,Li,45.0,La,45.0,,,,,,,,,,,,,,,,n.a.,973,0.13,0.07,2.0,1.0,0.80 ,,28.0,43.0,26.0,32.0,58.0,16.2
Mg,5.0,Sr,5.0,Li,45.0,Sm,45.0,,,,,,,,,,,,,,,,n.a.,973,0.13,0.07,2.0,1.0,0.80 ,,23.0,42.0,30.0,29.0,59.0,13.6
Mg,5.0,Sr,5.0,Li,45.0,Nd,45.0,,,,,,,,,,,,,,,,n.a.,973,0.13,0.07,2.0,1.0,0.80 ,,33.0,49.0,19.0,33.0,52.0,17.2
Mn,25.0,Ti,25.0,Li,50.0,,,,,,,,,,,S,,,,,,,n.a.,1073,0.42,0.17,2.5,1.0,3.60 ,,37.0,,,,82.0,30.3
Ni,6.7,Al,26.7,Li,33.3,Mg,33.3,,,,,,,,,,,,,,,,n.a.,1033,0.70,0.06,10.9,1.0,0.06 ,99.0,14.0,21.0,25.0,47.0,72.0,10.1
Mo,16.7,Na,25.0,Li,33.3,,,,,,,Cl,25.0,,,,,,,,,,n.a.,1003,0.25,0.28,0.9,1.0,2.40 ,90.0,17.0,,,,18.0,3.1
Na,7.0,Al,42.0,Li,51.0,,,,,,,,,,,,,,,,,,Therm.decomp.,1123,0.18,0.06,2.9,1.0,0.55 ,78.9,20.4,45.6,37.5,16.8,54.3,11.1
Sb,12.5,Ta,25.0,Li,12.5,Ba,50.0,,,,,,,,,,,,,,,,Therm.decomp.,1123,0.67,0.33,2.0,1.0,0.08 ,,36.4,66.0,22.6,3.2,25.8,9.4
Sb,25.0,Ta,12.5,Li,12.5,Ba,50.0,,,,,,,,,,,,,,,,Therm.decomp.,1123,0.67,0.33,2.0,1.0,0.08 ,,36.3,66.7,22.5,2.9,25.4,9.2
Sb,25.0,Nb,12.5,Li,12.5,Ba,50.0,,,,,,,,,,,,,,,,Therm.decomp.,1123,0.67,0.33,2.0,1.0,0.08 ,,38.5,79.3,14.8,3.8,18.6,7.2
Sb,12.5,Nb,25.0,Li,12.5,Ba,50.0,,,,,,,,,,,,,,,,Therm.decomp.,1123,0.67,0.33,2.0,1.0,0.08 ,,36.3,66.9,23.5,2.8,26.3,9.5
Pt,6.7,V,6.7,Li,6.6,Mg,80.0,,,,,,,,,,,,,,,,n.a.,1073,0.10,0.03,3.0,1.0,0.06 ,62.0,17.0,,,,46.0,7.8
Ba,43.9,Ca,2.4,Ti,48.9,Li,2.4,,,,,Cl,2.4,,,,,,,,,,Sol-gel,1048,0.67,0.33,2.0,1.0,0.30 ,99.0,29.2,,,,54.8,16.0
Na,1.51 ,Mn,1.61 ,W,0.75 ,Li,21.18 ,,,,,Cl,17.21 ,,,,Si,57.74 ,,,,,Physical mixing,1023 ,0.06 ,0.04 ,1.6 ,1.0 ,0.00 ,14.1 ,14.1 ,19.8 ,45.3 ,33.7 ,79.0 ,11.1 
